country,month,value
�land,01,-3.0492666666666666
�land,02,-3.924200000000001
�land,03,-1.5164333333333333
�land,04,2.1047000000000002
�land,05,7.7143999999999995
�land,06,13.115666666666668
�land,07,15.920533333333335
�land,08,15.628766666666667
�land,09,11.759899999999998
�land,10,7.524066666666667
�land,11,3.167833333333333
�land,12,-0.5737333333333333
Afghanistan,01,0.8055000000000001
Afghanistan,02,3.226366666666666
Afghanistan,03,8.922200000000002
Afghanistan,04,15.238533333333335
Afghanistan,05,20.88856666666666
Afghanistan,06,26.042333333333335
Afghanistan,07,27.901400000000006
Afghanistan,08,26.1034
Afghanistan,09,21.165733333333332
Afghanistan,10,14.595466666666665
Afghanistan,11,8.387633333333333
Afghanistan,12,3.090000000000001
Africa,01,21.816566666666663
Africa,02,23.28206666666667
Africa,03,24.957933333333344
Africa,04,26.032600000000002
Africa,05,26.7
Africa,06,26.57446666666667
Africa,07,26.183133333333334
Africa,08,26.454900000000002
Africa,09,26.75786666666667
Africa,10,25.932100000000002
Africa,11,24.051366666666677
Africa,12,22.079266666666665
Albania,01,3.514166666666667
Albania,02,5.069866666666667
Albania,03,8.010966666666667
Albania,04,11.775133333333333
Albania,05,16.550933333333333
Albania,06,20.34793333333333
Albania,07,22.8233
Albania,08,22.67236666666667
Albania,09,19.1757
Albania,10,14.159866666666664
Albania,11,9.352233333333334
Albania,12,5.161100000000001
Algeria,01,12.631400000000003
Algeria,02,15.579800000000004
Algeria,03,19.16563333333333
Algeria,04,23.37896666666666
Algeria,05,28.24283333333333
Algeria,06,32.82386666666666
Algeria,07,34.85143333333334
Algeria,08,34.37533333333334
Algeria,09,30.8344
Algeria,10,24.7183
Algeria,11,18.392233333333333
Algeria,12,13.320266666666665
American Samoa,01,27.940433333333335
American Samoa,02,28.112433333333335
American Samoa,03,28.224066666666666
American Samoa,04,28.008033333333326
American Samoa,05,27.94136666666667
American Samoa,06,27.6244
American Samoa,07,27.183200000000006
American Samoa,08,27.121899999999997
American Samoa,09,27.332733333333337
American Samoa,10,27.303633333333334
American Samoa,11,27.61296666666667
American Samoa,12,27.731066666666663
andorra,01,4.1802
andorra,02,5.499066666666666
andorra,03,7.497966666666668
andorra,04,9.725333333333333
andorra,05,13.599099999999996
andorra,06,17.67983333333334
andorra,07,20.838
andorra,08,20.2097
andorra,09,17.32906666666667
andorra,10,12.685366666666665
andorra,11,7.730366666666667
andorra,12,4.640266666666667
Angola,01,23.661733333333327
Angola,02,23.813166666666667
Angola,03,23.961533333333342
Angola,04,23.36583333333333
Angola,05,21.831466666666667
Angola,06,19.70403333333334
Angola,07,19.398000000000003
Angola,08,21.456866666666663
Angola,09,23.75033333333334
Angola,10,24.309400000000004
Angola,11,24.030099999999997
Angola,12,23.679366666666667
Anguilla,01,25.979033333333334
Anguilla,02,26.057433333333332
Anguilla,03,26.51706666666667
Anguilla,04,27.012433333333334
Anguilla,05,28.043733333333332
Anguilla,06,28.90173333333333
Anguilla,07,29.165866666666666
Anguilla,08,29.314700000000002
Anguilla,09,29.21793333333333
Anguilla,10,28.7129
Anguilla,11,27.87703333333333
Anguilla,12,26.523299999999992
Antigua and Barbuda,01,25.91673333333334
Antigua and Barbuda,02,25.9714
Antigua and Barbuda,03,26.4308
Antigua and Barbuda,04,26.985900000000004
Antigua and Barbuda,05,28.014066666666665
Antigua and Barbuda,06,28.742466666666665
Antigua and Barbuda,07,28.932566666666666
Antigua and Barbuda,08,29.05423333333334
Antigua and Barbuda,09,28.887133333333335
Antigua and Barbuda,10,28.33063333333333
Antigua and Barbuda,11,27.609266666666667
Antigua and Barbuda,12,26.415999999999997
Argentina,01,22.28626666666667
Argentina,02,21.411233333333335
Argentina,03,19.013733333333338
Argentina,04,15.180633333333335
Argentina,05,11.758466666666667
Argentina,06,8.475433333333335
Argentina,07,8.365800000000002
Argentina,08,10.227000000000002
Argentina,09,12.752033333333333
Argentina,10,15.9767
Argentina,11,19.0624
Argentina,12,21.240733333333342
Armenia,01,-4.266033333333334
Armenia,02,-2.3846
Armenia,03,2.7065666666666663
Armenia,04,9.000600000000002
Armenia,05,14.107600000000001
Armenia,06,18.336899999999996
Armenia,07,22.1645
Armenia,08,21.566866666666666
Armenia,09,17.30906666666667
Armenia,10,10.432533333333335
Armenia,11,4.3699
Armenia,12,-1.4353333333333331
Aruba,01,27.59006666666667
Aruba,02,27.488133333333337
Aruba,03,27.7996
Aruba,04,28.36946666666667
Aruba,05,29.60666666666667
Aruba,06,30.299866666666667
Aruba,07,30.536099999999994
Aruba,08,30.744433333333344
Aruba,09,30.608999999999995
Aruba,10,29.72906666666666
Aruba,11,29.20296666666667
Aruba,12,28.160066666666673
Asia,01,-7.3199
Asia,02,-4.942166666666666
Asia,03,1.4160666666666666
Asia,04,8.698833333333333
Asia,05,15.214733333333333
Asia,06,19.949466666666673
Asia,07,21.999466666666663
Asia,08,20.40756666666667
Asia,09,15.844566666666669
Asia,10,8.527833333333332
Asia,11,0.4977666666666666
Asia,12,-5.1798
Australia,01,29.0224
Australia,02,28.511166666666668
Australia,03,26.645733333333332
Australia,04,22.90623333333333
Australia,05,18.803233333333335
Australia,06,15.661966666666666
Australia,07,14.829033333333333
Australia,08,16.651166666666665
Australia,09,20.055766666666667
Australia,10,23.514733333333332
Australia,11,26.37073333333333
Australia,12,28.203866666666666
Austria,01,-4.039299999999999
Austria,02,-2.0388333333333337
Austria,03,1.8862333333333337
Austria,04,6.314800000000001
Austria,05,11.400133333333335
Austria,06,14.686633333333333
Austria,07,16.450133333333333
Austria,08,15.939533333333335
Austria,09,12.629566666666669
Austria,10,7.483133333333333
Austria,11,1.7187666666666668
Austria,12,-2.6673333333333336
Azerbaijan,01,-0.013933333333333324
Azerbaijan,02,1.0902
Azerbaijan,03,4.979166666666668
Azerbaijan,04,10.905700000000001
Azerbaijan,05,16.512333333333334
Azerbaijan,06,21.121899999999997
Azerbaijan,07,24.41573333333333
Azerbaijan,08,23.56576666666666
Azerbaijan,09,19.29616666666666
Azerbaijan,10,12.729533333333332
Azerbaijan,11,7.451400000000001
Azerbaijan,12,2.4906666666666673
The Bahamas,01,22.711900000000007
The Bahamas,02,22.914733333333338
The Bahamas,03,24.10986666666667
The Bahamas,04,25.18326666666667
The Bahamas,05,26.90843333333334
The Bahamas,06,28.467500000000012
The Bahamas,07,29.471433333333337
The Bahamas,08,29.522733333333335
The Bahamas,09,28.920433333333328
The Bahamas,10,27.374333333333336
The Bahamas,11,25.585033333333335
The Bahamas,12,23.527099999999997
Bahrain,01,16.413333333333334
Bahrain,02,17.859399999999997
Bahrain,03,21.56726666666667
Bahrain,04,25.96133333333334
Bahrain,05,31.52276666666667
Bahrain,06,34.51186666666668
Bahrain,07,36.00719999999999
Bahrain,08,35.614266666666666
Bahrain,09,33.20146666666666
Bahrain,10,29.037000000000003
Bahrain,11,23.880766666666666
Bahrain,12,18.43613333333333
Baker Island,01,26.280033333333336
Baker Island,02,26.57686666666667
Baker Island,03,27.03473333333333
Baker Island,04,27.03580000000001
Baker Island,05,26.909266666666667
Baker Island,06,26.398033333333334
Baker Island,07,26.200333333333337
Baker Island,08,26.472966666666665
Baker Island,09,26.48843333333333
Baker Island,10,26.313399999999998
Baker Island,11,26.510433333333335
Baker Island,12,26.382166666666663
Bangladesh,01,18.883399999999998
Bangladesh,02,21.588866666666668
Bangladesh,03,26.001833333333327
Bangladesh,04,28.57113333333333
Bangladesh,05,29.285466666666668
Bangladesh,06,29.29033333333333
Bangladesh,07,29.030433333333335
Bangladesh,08,29.1715
Bangladesh,09,29.05436666666667
Bangladesh,10,27.53553333333333
Bangladesh,11,24.146133333333335
Bangladesh,12,19.979666666666667
Barbados,01,26.39756666666667
Barbados,02,26.395033333333327
Barbados,03,26.817900000000005
Barbados,04,27.34133333333333
Barbados,05,28.291133333333335
Barbados,06,28.43496666666666
Barbados,07,28.407933333333332
Barbados,08,28.585099999999997
Barbados,09,28.534866666666673
Barbados,10,28.118266666666663
Barbados,11,27.7992
Barbados,12,26.861833333333333
Belarus,01,-7.0407666666666655
Belarus,02,-5.683033333333333
Belarus,03,-0.8378666666666663
Belarus,04,6.7097999999999995
Belarus,05,13.658566666666665
Belarus,06,16.945866666666667
Belarus,07,18.215500000000002
Belarus,08,17.25893333333333
Belarus,09,12.40803333333333
Belarus,10,6.684500000000002
Belarus,11,1.1539333333333335
Belarus,12,-3.6054333333333335
Belgium,01,1.9180666666666668
Belgium,02,2.842333333333334
Belgium,03,5.760800000000001
Belgium,04,8.883333333333331
Belgium,05,13.373700000000003
Belgium,06,16.3948
Belgium,07,18.104533333333332
Belgium,08,17.955066666666664
Belgium,09,15.1526
Belgium,10,11.020066666666667
Belgium,11,5.982900000000001
Belgium,12,2.8551333333333333
Belize,01,23.362733333333335
Belize,02,24.2044
Belize,03,25.885266666666666
Belize,04,27.151099999999996
Belize,05,28.383000000000003
Belize,06,28.0622
Belize,07,27.52003333333334
Belize,08,27.593566666666664
Belize,09,27.403966666666673
Belize,10,26.1973
Belize,11,24.9208
Belize,12,23.701866666666664
Benin,01,27.300833333333337
Benin,02,29.64706666666667
Benin,03,31.178766666666665
Benin,04,30.95886666666666
Benin,05,29.783066666666674
Benin,06,27.9742
Benin,07,26.655200000000004
Benin,08,26.203199999999995
Benin,09,26.673466666666666
Benin,10,27.76926666666667
Benin,11,28.012166666666662
Benin,12,27.063933333333335
Bhutan,01,3.979833333333333
Bhutan,02,6.356833333333335
Bhutan,03,10.099866666666665
Bhutan,04,13.159633333333334
Bhutan,05,15.763933333333338
Bhutan,06,18.324233333333336
Bhutan,07,18.67493333333333
Bhutan,08,18.42893333333333
Bhutan,09,17.217633333333332
Bhutan,10,13.712933333333332
Bhutan,11,9.172266666666669
Bhutan,12,5.253933333333333
Bolivia,01,23.49223333333333
Bolivia,02,23.25806666666666
Bolivia,03,23.0835
Bolivia,04,21.897299999999998
Bolivia,05,20.313699999999997
Bolivia,06,18.6337
Bolivia,07,18.763733333333334
Bolivia,08,20.47296666666667
Bolivia,09,22.162666666666667
Bolivia,10,23.487933333333324
Bolivia,11,23.973766666666666
Bolivia,12,23.657066666666662
Bosnia and Herzegovina,01,0.16806666666666661
Bosnia and Herzegovina,02,2.3214
Bosnia and Herzegovina,03,6.031100000000001
Bosnia and Herzegovina,04,10.2944
Bosnia and Herzegovina,05,15.235600000000003
Bosnia and Herzegovina,06,18.6509
Bosnia and Herzegovina,07,20.808466666666668
Bosnia and Herzegovina,08,20.502833333333335
Bosnia and Herzegovina,09,16.881366666666665
Bosnia and Herzegovina,10,11.807666666666668
Bosnia and Herzegovina,11,6.600033333333332
Bosnia and Herzegovina,12,1.9388333333333334
Botswana,01,27.418633333333325
Botswana,02,26.611900000000002
Botswana,03,25.50166666666667
Botswana,04,22.6173
Botswana,05,19.0584
Botswana,06,15.7608
Botswana,07,15.67896666666667
Botswana,08,18.753733333333333
Botswana,09,23.157033333333338
Botswana,10,25.85153333333334
Botswana,11,27.00723333333333
Botswana,12,27.209
Brazil,01,26.42193333333333
Brazil,02,26.406466666666663
Brazil,03,26.33853333333333
Brazil,04,25.748666666666665
Brazil,05,25.12873333333333
Brazil,06,24.3807
Brazil,07,24.328833333333325
Brazil,08,25.45453333333334
Brazil,09,26.284733333333335
Brazil,10,26.543533333333336
Brazil,11,26.7108
Brazil,12,26.452166666666667
British Virgin Islands,01,25.711199999999998
British Virgin Islands,02,25.76923333333333
British Virgin Islands,03,26.197899999999997
British Virgin Islands,04,26.7195
British Virgin Islands,05,27.759466666666675
British Virgin Islands,06,28.679700000000004
British Virgin Islands,07,28.978433333333342
British Virgin Islands,08,29.0921
British Virgin Islands,09,28.89833333333333
British Virgin Islands,10,28.37863333333333
British Virgin Islands,11,27.54216666666667
British Virgin Islands,12,26.23069999999999
Bulgaria,01,-0.27143333333333325
Bulgaria,02,1.4557666666666664
Bulgaria,03,5.169333333333336
Bulgaria,04,10.40116666666667
Bulgaria,05,15.581299999999999
Bulgaria,06,19.37216666666667
Bulgaria,07,21.53196666666667
Bulgaria,08,21.205499999999994
Bulgaria,09,17.543099999999995
Bulgaria,10,11.963333333333331
Bulgaria,11,6.844166666666667
Bulgaria,12,2.1729
Burkina Faso,01,25.839033333333326
Burkina Faso,02,28.749733333333328
Burkina Faso,03,31.618066666666664
Burkina Faso,04,32.973366666666664
Burkina Faso,05,32.65103333333333
Burkina Faso,06,30.514266666666668
Burkina Faso,07,28.51750000000001
Burkina Faso,08,27.68593333333333
Burkina Faso,09,28.275799999999993
Burkina Faso,10,29.69846666666667
Burkina Faso,11,28.56686666666666
Burkina Faso,12,26.100133333333336
Myanmar,01,19.454166666666666
Myanmar,02,21.7107
Myanmar,03,25.18066666666666
Myanmar,04,27.52230000000001
Myanmar,05,27.99093333333333
Myanmar,06,27.207666666666675
Myanmar,07,26.882566666666662
Myanmar,08,26.80196666666667
Myanmar,09,26.69529999999999
Myanmar,10,25.539166666666667
Myanmar,11,23.134466666666672
Myanmar,12,20.003433333333337
Burundi,01,20.711066666666667
Burundi,02,20.941400000000005
Burundi,03,20.779666666666667
Burundi,04,20.5686
Burundi,05,20.936033333333338
Burundi,06,20.668900000000004
Burundi,07,20.636866666666666
Burundi,08,21.399766666666665
Burundi,09,21.841066666666663
Burundi,10,21.312566666666665
Burundi,11,20.569966666666673
Burundi,12,20.336466666666663
Ivory Coast,01,26.782233333333338
Ivory Coast,02,28.640833333333333
Ivory Coast,03,29.04586666666666
Ivory Coast,04,28.60246666666667
Ivory Coast,05,28.000600000000006
Ivory Coast,06,26.70016666666667
Ivory Coast,07,25.756700000000002
Ivory Coast,08,25.535099999999996
Ivory Coast,09,25.96773333333334
Ivory Coast,10,26.60156666666667
Ivory Coast,11,27.048966666666676
Ivory Coast,12,26.212866666666663
Cambodia,01,25.632433333333328
Cambodia,02,27.49573333333333
Cambodia,03,29.377
Cambodia,04,30.1629
Cambodia,05,29.620833333333337
Cambodia,06,28.682466666666667
Cambodia,07,28.290299999999995
Cambodia,08,28.091033333333336
Cambodia,09,27.83780000000001
Cambodia,10,27.316300000000002
Cambodia,11,26.672800000000002
Cambodia,12,25.39753333333333
Cameroon,01,24.69426666666666
Cameroon,02,26.238333333333333
Cameroon,03,27.1117
Cameroon,04,26.905966666666668
Cameroon,05,26.32683333333333
Cameroon,06,25.196399999999993
Cameroon,07,24.235300000000006
Cameroon,08,24.17926666666667
Cameroon,09,24.515766666666657
Cameroon,10,24.866899999999998
Cameroon,11,25.04543333333333
Cameroon,12,24.45466666666667

Canada,01,-23.777900000000002
Canada,02,-21.5293
Canada,03,-16.08866666666667
Canada,04,-6.741533333333333
Canada,05,2.6187666666666662
Canada,06,9.755333333333336
Canada,07,13.435200000000004
Canada,08,11.804733333333333
Canada,09,5.6336666666666675
Canada,10,-2.1848000000000005
Canada,11,-12.372966666666667
Canada,12,-20.48836666666666

Cape Verde,01,22.9886
Cape Verde,02,22.7818
Cape Verde,03,23.255200000000002
Cape Verde,04,23.4778
Cape Verde,05,24.3485
Cape Verde,06,25.396
Cape Verde,07,26.497799999999998
Cape Verde,08,27.63176666666667
Cape Verde,09,28.041433333333334
Cape Verde,10,27.4188
Cape Verde,11,26.240533333333342
Cape Verde,12,24.248

Cayman Islands,01,25.521099999999997
Cayman Islands,02,25.587533333333333
Cayman Islands,03,26.54523333333333
Cayman Islands,04,27.35396666666666
Cayman Islands,05,28.545
Cayman Islands,06,29.32783333333334
Cayman Islands,07,29.867500000000007
Cayman Islands,08,29.947933333333328
Cayman Islands,09,29.563899999999997
Cayman Islands,10,28.620733333333327
Cayman Islands,11,27.590733333333333
Cayman Islands,12,26.191999999999997

Central African Republic,01,25.383433333333322
Central African Republic,02,27.366266666666668
Central African Republic,03,28.453033333333327
Central African Republic,04,28.145466666666664
Central African Republic,05,27.355333333333345
Central African Republic,06,26.183266666666672
Central African Republic,07,25.217866666666666
Central African Republic,08,25.213433333333327
Central African Republic,09,25.414966666666672
Central African Republic,10,25.612666666666662
Central African Republic,11,25.603599999999997
Central African Republic,12,24.85269999999999

Chad,01,22.09536666666667
Chad,02,24.5727
Chad,03,28.239633333333337
Chad,04,31.157466666666668
Chad,05,32.3431
Chad,06,31.999299999999995
Chad,07,30.2296
Chad,08,29.522600000000004
Chad,09,29.73116666666667
Chad,10,28.936366666666665
Chad,11,25.8526
Chad,12,22.996266666666667

Chile,01,14.531166666666666
Chile,02,14.250066666666667
Chile,03,12.757299999999995
Chile,04,10.182500000000001
Chile,05,7.841700000000002
Chile,06,5.654699999999999
Chile,07,5.3478666666666665
Chile,08,6.542833333333336
Chile,09,8.064300000000001
Chile,10,9.927866666666668
Chile,11,12.007933333333334
Chile,12,13.568566666666664

China,01,-8.2568
China,02,-5.152
China,03,1.5151000000000003
China,04,8.493333333333334
China,05,14.284266666666666
China,06,18.2948
China,07,20.424799999999998
China,08,19.488599999999998
China,09,14.763533333333333
China,10,7.954666666666667
China,11,0.10049999999999999
China,12,-6.366799999999999

Christmas Island,01,26.934600000000003
Christmas Island,02,27.226666666666674
Christmas Island,03,27.503333333333327
Christmas Island,04,27.600933333333327
Christmas Island,05,27.5825
Christmas Island,06,26.867999999999995
Christmas Island,07,26.240133333333336
Christmas Island,08,26.107833333333335
Christmas Island,09,26.36776666666667
Christmas Island,10,26.683899999999998
Christmas Island,11,27.055133333333323
Christmas Island,12,26.97476666666667

Colombia,01,26.10376666666667
Colombia,02,26.484766666666665
Colombia,03,26.5053
Colombia,04,25.893133333333328
Colombia,05,25.755599999999998
Colombia,06,25.4364
Colombia,07,25.48146666666667
Colombia,08,25.86106666666667
Colombia,09,25.975466666666666
Colombia,10,25.642400000000002
Colombia,11,25.804466666666663
Colombia,12,25.749433333333332

Comoros,01,27.968966666666667
Comoros,02,28.189500000000002
Comoros,03,28.226066666666657
Comoros,04,27.7305
Comoros,05,26.953166666666668
Comoros,06,25.6495
Comoros,07,24.959166666666672
Comoros,08,24.696066666666674
Comoros,09,25.06973333333334
Comoros,10,26.02713333333333
Comoros,11,27.27593333333333
Comoros,12,27.8337

Democratic Republic of the Congo,01,24.656199999999995
Democratic Republic of the Congo,02,25.244199999999992
Democratic Republic of the Congo,03,25.412300000000002
Democratic Republic of the Congo,04,25.223599999999998
Democratic Republic of the Congo,05,25.057366666666667
Democratic Republic of the Congo,06,24.206633333333336
Democratic Republic of the Congo,07,23.784466666666667
Democratic Republic of the Congo,08,24.378366666666672
Democratic Republic of the Congo,09,24.897
Democratic Republic of the Congo,10,24.792466666666662
Democratic Republic of the Congo,11,24.6667
Democratic Republic of the Congo,12,24.45043333333334

Congo,01,25.51496666666667
Congo,02,26.225966666666668
Congo,03,26.568266666666666
Congo,04,26.41053333333333
Congo,05,26.120866666666664
Congo,06,24.8986
Congo,07,24.047199999999997
Congo,08,24.447933333333335
Congo,09,25.072166666666664
Congo,10,25.28993333333333
Congo,11,25.421566666666667
Congo,12,25.222133333333325

Costa Rica,01,26.331733333333336
Costa Rica,02,26.824966666666665
Costa Rica,03,27.557166666666667
Costa Rica,04,27.728666666666673
Costa Rica,05,27.476533333333336
Costa Rica,06,26.81833333333333
Costa Rica,07,26.712033333333338
Costa Rica,08,26.67673333333333
Costa Rica,09,26.31916666666666
Costa Rica,10,25.929
Costa Rica,11,26.143066666666666
Costa Rica,12,26.10003333333333

Croatia,01,0.9462666666666664
Croatia,02,3.1564333333333336
Croatia,03,6.958633333333333
Croatia,04,11.35053333333333
Croatia,05,16.366833333333332
Croatia,06,19.943566666666666
Croatia,07,22.081166666666668
Croatia,08,21.567500000000006
Croatia,09,17.84846666666667
Croatia,10,12.606933333333336
Croatia,11,7.196899999999999
Croatia,12,2.637966666666667

Cuba,01,23.8456
Cuba,02,23.97110000000001
Cuba,03,25.028299999999994
Cuba,04,25.874799999999993
Cuba,05,27.12616666666667
Cuba,06,28.087399999999995
Cuba,07,28.7563
Cuba,08,28.839633333333328
Cuba,09,28.455300000000005
Cuba,10,27.484333333333336
Cuba,11,26.2639
Cuba,12,24.576866666666664

Cura�ao,01,27.0665
Cura�ao,02,27.123499999999993
Cura�ao,03,27.520099999999996
Cura�ao,04,28.07366666666667
Cura�ao,05,29.100866666666665
Cura�ao,06,29.488200000000006
Cura�ao,07,29.54073333333333
Cura�ao,08,29.83973333333332
Cura�ao,09,29.948966666666667
Cura�ao,10,29.23536666666667
Cura�ao,11,28.69259999999999
Cura�ao,12,27.58553333333333

Cyprus,01,12.074266666666666
Cyprus,02,12.361533333333336
Cyprus,03,14.1366
Cyprus,04,17.307099999999995
Cyprus,05,21.1968
Cyprus,06,24.952933333333327
Cyprus,07,27.415033333333337
Cyprus,08,27.711733333333328
Cyprus,09,25.69996666666667
Cyprus,10,21.99716666666667
Cyprus,11,17.7411
Cyprus,12,13.840933333333332

Czech Republic,01,-2.6631666666666667
Czech Republic,02,-0.928
Czech Republic,03,3.100433333333334
Czech Republic,04,7.8458
Czech Republic,05,13.157766666666669
Czech Republic,06,16.462299999999995
Czech Republic,07,18.016133333333336
Czech Republic,08,17.67093333333333
Czech Republic,09,13.968733333333331
Czech Republic,10,8.766699999999998
Czech Republic,11,3.2445333333333335
Czech Republic,12,-0.8889

Denmark (Europe),01,0.10080000000000006
Denmark (Europe),02,0.21386666666666668
Denmark (Europe),03,2.542366666666667
Denmark (Europe),04,6.098966666666667
Denmark (Europe),05,11.536900000000001
Denmark (Europe),06,15.387266666666669
Denmark (Europe),07,16.774933333333337
Denmark (Europe),08,16.774133333333335
Denmark (Europe),09,13.705800000000002
Denmark (Europe),10,9.658933333333332
Denmark (Europe),11,5.186266666666666
Denmark (Europe),12,1.7754666666666663

Denmark,01,-30.606066666666656
Denmark,02,-30.498733333333345
Denmark,03,-29.552833333333336
Denmark,04,-22.750566666666668
Denmark,05,-11.848566666666667
Denmark,06,-4.560766666666667
Denmark,07,-1.5158333333333331
Denmark,08,-3.754433333333333
Denmark,09,-11.351466666666669
Denmark,10,-20.292366666666666
Denmark,11,-26.541900000000005
Denmark,12,-29.897366666666667

Djibouti,01,25.344633333333327
Djibouti,02,26.390900000000002
Djibouti,03,28.28199999999999
Djibouti,04,29.52253333333333
Djibouti,05,31.298333333333332
Djibouti,06,33.46616666666666
Djibouti,07,34.68046666666667
Djibouti,08,34.36226666666666
Djibouti,09,32.49503333333333
Djibouti,10,29.449200000000005
Djibouti,11,27.380933333333335
Djibouti,12,25.670533333333328

Dominica,01,25.76786666666667
Dominica,02,25.781233333333333
Dominica,03,26.205366666666677
Dominica,04,26.79136666666666
Dominica,05,27.888599999999997
Dominica,06,28.344633333333334
Dominica,07,28.35446666666667
Dominica,08,28.447066666666665
Dominica,09,28.3418
Dominica,10,27.906299999999998
Dominica,11,27.397033333333333
Dominica,12,26.272566666666666

Dominican Republic,01,24.889866666666663
Dominican Republic,02,24.993999999999996
Dominican Republic,03,25.565199999999994
Dominican Republic,04,26.0615
Dominican Republic,05,26.9826
Dominican Republic,06,27.763133333333336
Dominican Republic,07,28.251966666666664
Dominican Republic,08,28.372033333333334
Dominican Republic,09,28.144633333333328
Dominican Republic,10,27.509000000000004
Dominican Republic,11,26.76546666666667
Dominican Republic,12,25.40973333333334

Ecuador,01,23.18603333333333
Ecuador,02,23.335
Ecuador,03,23.430266666666665
Ecuador,04,23.19086666666667
Ecuador,05,23.10153333333334
Ecuador,06,22.464666666666673
Ecuador,07,22.0519
Ecuador,08,22.2189
Ecuador,09,22.530133333333332
Ecuador,10,22.557966666666662
Ecuador,11,22.861866666666664
Ecuador,12,23.0352

Egypt,01,13.802
Egypt,02,15.758266666666666
Egypt,03,19.46396666666667
Egypt,04,24.12956666666667
Egypt,05,28.01666666666667
Egypt,06,30.831333333333337
Egypt,07,31.275233333333333
Egypt,08,31.01993333333333
Egypt,09,29.01113333333334
Egypt,10,25.33203333333333
Egypt,11,19.899999999999995
Egypt,12,15.360966666666672

El Salvador,01,24.892366666666664
El Salvador,02,25.589933333333338
El Salvador,03,26.867700000000003
El Salvador,04,27.450699999999998
El Salvador,05,27.285733333333337
El Salvador,06,26.3447
El Salvador,07,26.40296666666667
El Salvador,08,26.3474
El Salvador,09,25.709000000000003
El Salvador,10,25.354
El Salvador,11,25.298066666666664
El Salvador,12,24.93453333333333

Equatorial Guinea,01,26.586499999999997
Equatorial Guinea,02,27.088900000000002
Equatorial Guinea,03,27.093000000000007
Equatorial Guinea,04,26.836899999999982
Equatorial Guinea,05,26.561366666666665
Equatorial Guinea,06,25.210700000000006
Equatorial Guinea,07,24.134400000000003
Equatorial Guinea,08,24.445433333333327
Equatorial Guinea,09,25.340866666666667
Equatorial Guinea,10,25.57696666666667
Equatorial Guinea,11,26.033966666666664
Equatorial Guinea,12,26.197300000000002

Eritrea,01,23.7071
Eritrea,02,24.706599999999998
Eritrea,03,26.888266666666663
Eritrea,04,28.473300000000002
Eritrea,05,30.099233333333327
Eritrea,06,30.82143333333334
Eritrea,07,30.19426666666667
Eritrea,08,29.850899999999992
Eritrea,09,29.4491
Eritrea,10,28.100666666666665
Eritrea,11,26.362800000000004
Eritrea,12,24.28853333333333

Estonia,01,-7.031133333333333
Estonia,02,-6.5478
Estonia,03,-2.2852999999999994
Estonia,04,4.0127
Estonia,05,11.204466666666665
Estonia,06,15.863033333333336
Estonia,07,17.63546666666667
Estonia,08,16.408399999999997
Estonia,09,11.527166666666666
Estonia,10,6.033233333333333
Estonia,11,0.5094000000000001
Estonia,12,-4.098233333333334

Ethiopia,01,22.629766666666672
Ethiopia,02,23.860966666666666
Ethiopia,03,25.113333333333337
Ethiopia,04,25.06823333333334
Ethiopia,05,25.134766666666668
Ethiopia,06,24.613766666666667
Ethiopia,07,23.7871
Ethiopia,08,23.713433333333338
Ethiopia,09,23.9966
Ethiopia,10,23.469599999999993
Ethiopia,11,22.818999999999996
Ethiopia,12,22.19503333333334

Europe,01,-1.9403666666666668
Europe,02,-0.7226333333333332
Europe,03,2.7527999999999997
Europe,04,7.274600000000001
Europe,05,12.578866666666666
Europe,06,16.505466666666663
Europe,07,18.589699999999997
Europe,08,17.941399999999998
Europe,09,14.202699999999995
Europe,10,9.091166666666668
Europe,11,3.8258333333333336
Europe,12,-0.12856666666666655

Falkland Islands (Islas Malvinas),01,9.8451
Falkland Islands (Islas Malvinas),02,10.15123333333333
Falkland Islands (Islas Malvinas),03,9.128033333333333
Falkland Islands (Islas Malvinas),04,7.093799999999999
Falkland Islands (Islas Malvinas),05,5.410833333333333
Falkland Islands (Islas Malvinas),06,4.069033333333334
Falkland Islands (Islas Malvinas),07,3.5976999999999992
Falkland Islands (Islas Malvinas),08,3.6597666666666675
Falkland Islands (Islas Malvinas),09,4.456366666666668
Falkland Islands (Islas Malvinas),10,5.7449666666666666
Falkland Islands (Islas Malvinas),11,7.5347
Falkland Islands (Islas Malvinas),12,8.782833333333333

Faroe Islands,01,4.232666666666668
Faroe Islands,02,4.107966666666667
Faroe Islands,03,4.3825666666666665
Faroe Islands,04,5.292033333333334
Faroe Islands,05,7.320466666666667
Faroe Islands,06,9.208766666666666
Faroe Islands,07,10.494833333333332
Faroe Islands,08,11.045799999999996
Faroe Islands,09,9.873266666666666
Faroe Islands,10,8.180100000000001
Faroe Islands,11,5.7493
Faroe Islands,12,4.7168

Federated States Of Micronesia,01,27.885366666666666
Federated States Of Micronesia,02,28.00436666666667
Federated States Of Micronesia,03,28.11423333333333
Federated States Of Micronesia,04,27.955666666666666
Federated States Of Micronesia,05,28.211599999999997
Federated States Of Micronesia,06,28.036199999999997
Federated States Of Micronesia,07,27.832999999999995
Federated States Of Micronesia,08,27.86196666666667
Federated States Of Micronesia,09,27.82823333333333
Federated States Of Micronesia,10,27.662733333333335
Federated States Of Micronesia,11,27.965366666666664
Federated States Of Micronesia,12,27.930033333333327

Fiji,01,27.604866666666673
Fiji,02,27.946900000000007
Fiji,03,27.690833333333327
Fiji,04,26.816666666666666
Fiji,05,25.87573333333334
Fiji,06,25.22543333333333
Fiji,07,24.314400000000003
Fiji,08,24.30333333333333
Fiji,09,24.79423333333333
Fiji,10,25.35243333333333
Fiji,11,26.340866666666667
Fiji,12,26.96426666666666

Finland,01,-11.971200000000001
Finland,02,-11.122166666666665
Finland,03,-6.1875
Finland,04,-0.1387333333333334
Finland,05,7.314233333333333
Finland,06,13.375533333333331
Finland,07,15.889033333333334
Finland,08,13.640533333333332
Finland,09,8.231566666666668
Finland,10,2.1988333333333334
Finland,11,-3.888133333333334
Finland,12,-9.078000000000001

France (Europe),01,3.1458
France (Europe),02,4.3223666666666665
France (Europe),03,6.748033333333335
France (Europe),04,9.469499999999998
France (Europe),05,13.491100000000001
France (Europe),06,16.983500000000003
France (Europe),07,19.409033333333333
France (Europe),08,18.947100000000002
France (Europe),09,16.263999999999996
France (Europe),10,11.960633333333334
France (Europe),11,7.008166666666667
France (Europe),12,3.8991000000000002

France,01,7.01363333333333
France,02,7.991533333333333
France,03,10.007433333333333
France,04,12.221933333333332
France,05,15.500033333333334
France,06,18.312133333333332
France,07,20.29303333333333
France,08,19.96283333333334
France,09,17.814700000000002
France,10,14.308399999999997
France,11,10.267500000000002
France,12,7.651133333333334

French Guiana,01,26.100166666666674
French Guiana,02,26.133166666666664
French Guiana,03,26.46113333333333
French Guiana,04,26.62423333333334
French Guiana,05,26.746266666666667
French Guiana,06,26.677300000000002
French Guiana,07,26.838333333333324
French Guiana,08,27.336566666666673
French Guiana,09,27.6691
French Guiana,10,27.647333333333332
French Guiana,11,27.504900000000003
French Guiana,12,26.617566666666672

French Polynesia,01,27.9193
French Polynesia,02,28.204600000000006
French Polynesia,03,28.3638
French Polynesia,04,28.003
French Polynesia,05,27.4778
French Polynesia,06,26.60846666666667
French Polynesia,07,26.153966666666665
French Polynesia,08,26.000833333333336
French Polynesia,09,26.213966666666668
French Polynesia,10,26.48786666666666
French Polynesia,11,27.1987
French Polynesia,12,27.505399999999998

French Southern and Antarctic Lands,01,8.905866666666666
French Southern and Antarctic Lands,02,8.410233333333332
French Southern and Antarctic Lands,03,7.146999999999999
French Southern and Antarctic Lands,04,5.808033333333332
French Southern and Antarctic Lands,05,4.178833333333333
French Southern and Antarctic Lands,06,2.7664
French Southern and Antarctic Lands,07,2.347233333333334
French Southern and Antarctic Lands,08,2.3337
French Southern and Antarctic Lands,09,2.373066666666667
French Southern and Antarctic Lands,10,3.055333333333333
French Southern and Antarctic Lands,11,5.4002333333333326
French Southern and Antarctic Lands,12,7.7418000000000005

Gabon,01,25.72556666666667
Gabon,02,26.201466666666672
Gabon,03,26.436899999999994
Gabon,04,26.30536666666666
Gabon,05,25.949199999999998
Gabon,06,24.351466666666667
Gabon,07,23.238200000000003
Gabon,08,23.699166666666667
Gabon,09,24.8512
Gabon,10,25.270633333333326
Gabon,11,25.391833333333345
Gabon,12,25.34326666666667

Gambia,01,25.46623333333333
Gambia,02,27.56369999999999
Gambia,03,29.428433333333334
Gambia,04,30.48926666666667
Gambia,05,31.27146666666666
Gambia,06,30.751266666666666
Gambia,07,29.27633333333334
Gambia,08,28.566966666666666
Gambia,09,28.614299999999997
Gambia,10,29.267766666666663
Gambia,11,28.166999999999998
Gambia,12,25.57913333333333

Gaza Strip,01,11.0816
Gaza Strip,02,12.383133333333337
Gaza Strip,03,14.964833333333335
Gaza Strip,04,18.75143333333333
Gaza Strip,05,22.867266666666673
Gaza Strip,06,26.231333333333335
Gaza Strip,07,28.005733333333335
Gaza Strip,08,28.13473333333333
Gaza Strip,09,26.408499999999993
Gaza Strip,10,22.752233333333336
Gaza Strip,11,17.6656
Gaza Strip,12,12.762733333333333

Georgia,01,-2.0675
Georgia,02,-0.8821333333333334
Georgia,03,2.673033333333333
Georgia,04,8.190533333333335
Georgia,05,12.857166666666668
Georgia,06,16.570866666666667
Georgia,07,19.452466666666673
Georgia,08,19.110133333333337
Georgia,09,15.542233333333334
Georgia,10,9.823833333333335
Georgia,11,4.976300000000001
Georgia,12,0.2519666666666667

Germany,01,-0.7545333333333336
Germany,02,0.3989666666666666
Germany,03,3.8563
Germany,04,7.750466666666666
Germany,05,12.852799999999998
Germany,06,16.183733333333333
Germany,07,17.80833333333333
Germany,08,17.553966666666668
Germany,09,14.253733333333333
Germany,10,9.4958
Germany,11,4.229033333333332
Germany,12,0.5822333333333334

Ghana,01,27.76453333333334
Ghana,02,29.62223333333333
Ghana,03,30.203600000000005
Ghana,04,29.5964
Ghana,05,28.70693333333333
Ghana,06,27.121699999999993
Ghana,07,26.150433333333336
Ghana,08,25.86753333333333
Ghana,09,26.309333333333328
Ghana,10,27.251633333333338
Ghana,11,27.959300000000002
Ghana,12,27.32026666666666

Greece,01,6.169299999999999
Greece,02,7.362066666666669
Greece,03,9.791866666666666
Greece,04,13.563199999999998
Greece,05,18.35123333333333
Greece,06,22.670366666666663
Greece,07,25.126766666666665
Greece,08,24.869399999999995
Greece,09,21.476799999999994
Greece,10,16.358266666666662
Greece,11,11.906233333333335
Greece,12,7.945166666666667

Greenland,01,-31.233533333333323
Greenland,02,-31.1373
Greenland,03,-30.209566666666674
Greenland,04,-23.3474
Greenland,05,-12.324166666666667
Greenland,06,-4.9746999999999995
Greenland,07,-1.8953333333333335
Greenland,08,-4.177733333333333
Greenland,09,-11.866699999999998
Greenland,10,-20.910866666666664
Greenland,11,-27.196333333333328
Greenland,12,-30.54226666666666

Grenada,01,26.912166666666668
Grenada,02,27.024633333333334
Grenada,03,27.44710000000001
Grenada,04,27.908933333333334
Grenada,05,28.595533333333336
Grenada,06,28.369533333333337
Grenada,07,28.295133333333336
Grenada,08,28.607233333333333
Grenada,09,28.749433333333325
Grenada,10,28.380633333333332
Grenada,11,28.060799999999997
Grenada,12,27.22913333333334

Guadeloupe,01,25.881866666666667
Guadeloupe,02,25.911899999999996
Guadeloupe,03,26.36426666666667
Guadeloupe,04,26.93499999999999
Guadeloupe,05,27.987166666666663
Guadeloupe,06,28.626233333333335
Guadeloupe,07,28.751433333333328
Guadeloupe,08,28.868266666666678
Guadeloupe,09,28.69076666666666
Guadeloupe,10,28.146400000000003
Guadeloupe,11,27.502866666666666
Guadeloupe,12,26.362033333333336

Guam,01,27.170099999999998
Guam,02,27.15383333333334
Guam,03,27.538800000000002
Guam,04,28.03319999999999
Guam,05,28.676299999999994
Guam,06,28.79700000000001
Guam,07,28.4867
Guam,08,28.26943333333334
Guam,09,28.293766666666667
Guam,10,28.08076666666666
Guam,11,28.287599999999994
Guam,12,27.675633333333334

Guatemala,01,21.648933333333343
Guatemala,02,22.43503333333334
Guatemala,03,24.17393333333333
Guatemala,04,25.475733333333327
Guatemala,05,26.363133333333337
Guatemala,06,25.657100000000003
Guatemala,07,25.20606666666667
Guatemala,08,25.254466666666666
Guatemala,09,24.970200000000002
Guatemala,10,24.115433333333332
Guatemala,11,23.13726666666667
Guatemala,12,22.000133333333338

Guernsey,01,7.007100000000002
Guernsey,02,6.573733333333334
Guernsey,03,7.6785000000000005
Guernsey,04,8.947666666666665
Guernsey,05,11.607233333333333
Guernsey,06,14.275433333333332
Guernsey,07,16.528166666666664
Guernsey,08,17.085166666666673
Guernsey,09,15.961299999999996
Guernsey,10,13.524800000000004
Guernsey,11,10.451500000000001
Guernsey,12,8.341333333333333

Guinea Bissau,01,25.773000000000003
Guinea Bissau,02,27.597833333333334
Guinea Bissau,03,29.111933333333333
Guinea Bissau,04,29.849633333333333
Guinea Bissau,05,30.133833333333328
Guinea Bissau,06,29.1094
Guinea Bissau,07,27.646400000000007
Guinea Bissau,08,27.14903333333334
Guinea Bissau,09,27.369733333333333
Guinea Bissau,10,27.95533333333334
Guinea Bissau,11,27.52616666666667
Guinea Bissau,12,25.593233333333337

Guinea,01,24.9501
Guinea,02,27.307433333333336
Guinea,03,28.912266666666664
Guinea,04,29.374666666666663
Guinea,05,28.677933333333332
Guinea,06,26.815099999999994
Guinea,07,25.518633333333337
Guinea,08,25.24213333333334
Guinea,09,25.554666666666662
Guinea,10,26.07603333333334
Guinea,11,25.907666666666668
Guinea,12,24.464266666666667

Guyana,01,26.481866666666672
Guyana,02,26.826500000000003
Guyana,03,27.275300000000005
Guyana,04,27.220866666666666
Guyana,05,27.002966666666673
Guyana,06,26.487466666666663
Guyana,07,26.491133333333327
Guyana,08,27.1841
Guyana,09,27.840433333333333
Guyana,10,27.931000000000004
Guyana,11,27.745433333333338
Guyana,12,26.832800000000002

Haiti,01,25.784300000000005
Haiti,02,25.909333333333326
Haiti,03,26.362533333333328
Haiti,04,26.628766666666664
Haiti,05,27.563566666666667
Haiti,06,28.5879
Haiti,07,29.23463333333333
Haiti,08,29.169433333333334
Haiti,09,28.732333333333337
Haiti,10,28.092933333333335
Haiti,11,27.567066666666665
Haiti,12,26.33626666666667

Heard Island and Mcdonald Islands,01,5.445566666666666
Heard Island and Mcdonald Islands,02,5.0829666666666675
Heard Island and Mcdonald Islands,03,4.209999999999999
Heard Island and Mcdonald Islands,04,3.4788666666666668
Heard Island and Mcdonald Islands,05,2.3676000000000004
Heard Island and Mcdonald Islands,06,1.1824999999999999
Heard Island and Mcdonald Islands,07,0.5236
Heard Island and Mcdonald Islands,08,0.41346666666666665
Heard Island and Mcdonald Islands,09,0.20956666666666665
Heard Island and Mcdonald Islands,10,0.5562
Heard Island and Mcdonald Islands,11,2.6155333333333335
Heard Island and Mcdonald Islands,12,4.484666666666667

Honduras,01,23.830933333333334
Honduras,02,24.815733333333334
Honduras,03,26.511900000000008
Honduras,04,27.51923333333333
Honduras,05,27.819233333333333
Honduras,06,26.740166666666664
Honduras,07,26.266733333333335
Honduras,08,26.44333333333333
Honduras,09,26.279666666666667
Honduras,10,25.352266666666665
Honduras,11,24.546666666666663
Honduras,12,23.755833333333335

Hong Kong,01,16.30483333333333
Hong Kong,02,16.707733333333337
Hong Kong,03,19.52693333333333
Hong Kong,04,23.04746666666666
Hong Kong,05,26.835566666666658
Hong Kong,06,28.582366666666676
Hong Kong,07,29.63383333333333
Hong Kong,08,29.416066666666662
Hong Kong,09,28.52216666666666
Hong Kong,10,25.859266666666667
Hong Kong,11,22.18166666666667
Hong Kong,12,18.115499999999997

Hungary,01,-2.142233333333333
Hungary,02,0.5745666666666666
Hungary,03,5.347066666666666
Hungary,04,10.73536666666667
Hungary,05,16.019433333333332
Hungary,06,19.239533333333338
Hungary,07,20.919600000000003
Hungary,08,20.374966666666662
Hungary,09,16.46236666666666
Hungary,10,10.749300000000002
Hungary,11,4.905
Hungary,12,0.09390000000000007

Iceland,01,-3.590766666666667
Iceland,02,-3.0194999999999994
Iceland,03,-2.7224000000000004
Iceland,04,-0.3941333333333334
Iceland,05,3.403266666666667
Iceland,06,6.856866666666665
Iceland,07,8.6435
Iceland,08,8.174100000000001
Iceland,09,4.994366666666666
Iceland,10,1.5706666666666669
Iceland,11,-1.6205666666666672
Iceland,12,-3.345833333333332

India,01,17.712666666666667
India,02,20.408300000000004
India,03,24.765333333333334
India,04,28.653799999999997
India,05,30.921566666666667
India,06,30.146333333333338
India,07,27.908299999999993
India,08,27.2273
India,09,27.07666666666666
India,10,25.323199999999996
India,11,21.704266666666665
India,12,18.27070000000001

Indonesia,01,26.5934
Indonesia,02,26.758333333333336
Indonesia,03,26.9771
Indonesia,04,27.052233333333326
Indonesia,05,27.264566666666664
Indonesia,06,26.836
Indonesia,07,26.481499999999993
Indonesia,08,26.64636666666667
Indonesia,09,26.8488
Indonesia,10,26.9328
Indonesia,11,27.0663
Indonesia,12,26.72126666666666

Iran,01,5.478366666666665
Iran,02,7.845599999999999
Iran,03,12.6958
Iran,04,18.160066666666662
Iran,05,23.802733333333336
Iran,06,28.41013333333333
Iran,07,30.588866666666668
Iran,08,29.21999999999999
Iran,09,25.23719999999999
Iran,10,19.231666666666666
Iran,11,12.982266666666664
Iran,12,7.505533333333334

Iraq,01,9.245
Iraq,02,11.787200000000004
Iraq,03,16.279733333333336
Iraq,04,21.948033333333328
Iraq,05,28.4338
Iraq,06,33.00126666666666
Iraq,07,35.525299999999994
Iraq,08,34.848
Iraq,09,31.290133333333337
Iraq,10,24.494833333333336
Iraq,11,16.79266666666667
Iraq,12,10.869100000000001

Ireland,01,5.278166666666667
Ireland,02,5.3634666666666675
Ireland,03,6.7835
Ireland,04,8.353566666666666
Ireland,05,11.079866666666668
Ireland,06,13.806100000000002
Ireland,07,15.376266666666663
Ireland,08,15.1926
Ireland,09,13.383866666666666
Ireland,10,10.783133333333335
Ireland,11,7.416033333333334
Ireland,12,6.026866666666665

Isle Of Man,01,6.0057
Isle Of Man,02,5.035833333333333
Isle Of Man,03,5.947533333333333
Isle Of Man,04,7.258733333333334
Isle Of Man,05,9.9001
Isle Of Man,06,12.542633333333335
Isle Of Man,07,14.4654
Isle Of Man,08,14.99313333333333
Isle Of Man,09,13.783233333333333
Isle Of Man,10,11.844166666666668
Isle Of Man,11,9.00976666666667
Isle Of Man,12,7.4177333333333335

Israel,01,11.786900000000001
Israel,02,13.074400000000002
Israel,03,15.6346
Israel,04,19.353666666666662
Israel,05,23.279833333333332
Israel,06,26.467433333333336
Israel,07,28.128633333333337
Israel,08,28.285600000000006
Israel,09,26.605533333333334
Israel,10,23.095466666666667
Israel,11,18.185666666666666
Israel,12,13.405433333333331

Italy,01,4.778533333333333
Italy,02,5.837766666666668
Italy,03,8.229900000000002
Italy,04,11.241533333333335
Italy,05,15.764500000000004
Italy,06,19.739066666666666
Italy,07,22.6854
Italy,08,22.473933333333328
Italy,09,19.308299999999996
Italy,10,14.589033333333331
Italy,11,9.697200000000002
Italy,12,5.9593333333333325

Jamaica,01,25.618999999999996
Jamaica,02,25.710933333333337
Jamaica,03,26.30273333333333
Jamaica,04,26.808166666666672
Jamaica,05,27.679600000000004
Jamaica,06,28.255466666666663
Jamaica,07,28.671999999999993
Jamaica,08,28.626199999999997
Jamaica,09,28.370300000000004
Jamaica,10,27.775400000000005
Jamaica,11,27.28053333333333
Jamaica,12,26.202466666666673

Japan,01,0.9616333333333332
Japan,02,1.4592666666666667
Japan,03,4.882866666666667
Japan,04,10.741433333333337
Japan,05,15.754400000000002
Japan,06,19.518099999999997
Japan,07,23.684233333333328
Japan,08,25.301233333333336
Japan,09,21.27456666666667
Japan,10,15.029066666666665
Japan,11,9.402633333333332
Japan,12,3.8914999999999997

Jersey,01,7.007100000000002
Jersey,02,6.573733333333334
Jersey,03,7.6785000000000005
Jersey,04,8.947666666666665
Jersey,05,11.607233333333333
Jersey,06,14.275433333333332
Jersey,07,16.528166666666664
Jersey,08,17.085166666666673
Jersey,09,15.961299999999996
Jersey,10,13.524800000000004
Jersey,11,10.451500000000001
Jersey,12,8.341333333333333

Jordan,01,9.527933333333333
Jordan,02,11.542633333333336
Jordan,03,15.044766666666664
Jordan,04,19.68943333333333
Jordan,05,24.3812
Jordan,06,27.84206666666666
Jordan,07,29.545399999999997
Jordan,08,29.423633333333342
Jordan,09,27.174333333333326
Jordan,10,22.471533333333333
Jordan,11,16.3345
Jordan,12,11.057699999999999

Kazakhstan,01,-13.014066666666668
Kazakhstan,02,-12.297233333333336
Kazakhstan,03,-4.181666666666666
Kazakhstan,04,8.217733333333335
Kazakhstan,05,16.251899999999996
Kazakhstan,06,21.95196666666666
Kazakhstan,07,24.3143
Kazakhstan,08,21.66956666666667
Kazakhstan,09,15.27426666666667
Kazakhstan,10,5.754699999999998
Kazakhstan,11,-2.538966666666667
Kazakhstan,12,-9.382266666666665

Kenya,01,25.489333333333335
Kenya,02,26.313699999999997
Kenya,03,26.717833333333342
Kenya,04,25.773733333333325
Kenya,05,25.091599999999996
Kenya,06,24.123533333333338
Kenya,07,23.519899999999996
Kenya,08,23.758366666666674
Kenya,09,24.57746666666667
Kenya,10,25.108566666666665
Kenya,11,25.0537
Kenya,12,24.957099999999993

Kingman Reef,01,27.690166666666677
Kingman Reef,02,27.7764
Kingman Reef,03,28.060066666666675
Kingman Reef,04,28.132499999999997
Kingman Reef,05,28.359333333333336
Kingman Reef,06,28.28976666666667
Kingman Reef,07,28.50106666666667
Kingman Reef,08,28.6813
Kingman Reef,09,28.502066666666664
Kingman Reef,10,28.202566666666666
Kingman Reef,11,28.239300000000004
Kingman Reef,12,27.923966666666672

Kiribati,01,27.059233333333328
Kiribati,02,27.2668
Kiribati,03,27.576433333333334
Kiribati,04,27.69026666666667
Kiribati,05,28.153299999999998
Kiribati,06,28.247000000000003
Kiribati,07,28.236633333333334
Kiribati,08,28.191133333333333
Kiribati,09,28.0936
Kiribati,10,27.867533333333338
Kiribati,11,27.75756666666667
Kiribati,12,27.264933333333328

Kuwait,01,13.473766666666668
Kuwait,02,15.889733333333337
Kuwait,03,20.34626666666667
Kuwait,04,25.526933333333336
Kuwait,05,31.73503333333334
Kuwait,06,35.59346666666667
Kuwait,07,37.38919999999999
Kuwait,08,36.68646666666667
Kuwait,09,33.594199999999994
Kuwait,10,27.903000000000006
Kuwait,11,21.144133333333336
Kuwait,12,15.179966666666667

Kyrgyzstan,01,-11.992100000000002
Kyrgyzstan,02,-9.6712
Kyrgyzstan,03,-2.1163333333333334
Kyrgyzstan,04,5.8183
Kyrgyzstan,05,10.923833333333334
Kyrgyzstan,06,15.243999999999998
Kyrgyzstan,07,17.422833333333333
Kyrgyzstan,08,16.227266666666665
Kyrgyzstan,09,11.414400000000002
Kyrgyzstan,10,4.377666666666667
Kyrgyzstan,11,-3.0522333333333345
Kyrgyzstan,12,-9.168066666666666

Laos,01,19.514600000000005
Laos,02,21.348399999999994
Laos,03,24.171266666666668
Laos,04,26.64369999999999
Laos,05,27.896166666666662
Laos,06,27.998899999999995
Laos,07,27.707166666666655
Laos,08,27.256700000000002
Laos,09,26.621899999999997
Laos,10,24.905466666666666
Laos,11,22.539366666666663
Laos,12,19.739699999999996

Latvia,01,-6.583799999999998
Latvia,02,-5.632766666666668
Latvia,03,-1.335566666666667
Latvia,04,5.123433333333334
Latvia,05,12.1533
Latvia,06,16.305666666666664
Latvia,07,17.7726
Latvia,08,16.6799
Latvia,09,11.837333333333333
Latvia,10,6.332366666666667
Latvia,11,0.7388666666666666
Latvia,12,-3.9242000000000004

Lebanon,01,9.420533333333333
Lebanon,02,10.604899999999999
Lebanon,03,13.173666666666668
Lebanon,04,16.937800000000003
Lebanon,05,21.147966666666665
Lebanon,06,24.656533333333336
Lebanon,07,26.758100000000002
Lebanon,08,26.932266666666667
Lebanon,09,25.0432
Lebanon,10,21.074099999999998
Lebanon,11,15.897000000000002
Lebanon,12,11.185266666666667

Lesotho,01,20.344566666666665
Lesotho,02,19.6752
Lesotho,03,18.008566666666663
Lesotho,04,14.074800000000002
Lesotho,05,10.593166666666667
Lesotho,06,7.395733333333335
Lesotho,07,7.621033333333334
Lesotho,08,10.078533333333333
Lesotho,09,13.681233333333333
Lesotho,10,15.626333333333331
Lesotho,11,17.651899999999998
Lesotho,12,19.37273333333333

Liberia,01,26.245799999999996
Liberia,02,27.522766666666666
Liberia,03,27.925633333333327
Liberia,04,27.637900000000002
Liberia,05,27.289266666666666
Liberia,06,26.2484
Liberia,07,25.329066666666666
Liberia,08,25.19823333333333
Liberia,09,25.741466666666664
Liberia,10,26.220599999999997
Liberia,11,26.644133333333336
Liberia,12,25.950133333333333

Libya,01,12.946800000000001
Libya,02,15.337933333333334
Libya,03,19.05763333333334
Libya,04,23.87053333333333
Libya,05,27.970399999999998
Libya,06,31.1585
Libya,07,31.104300000000006
Libya,08,31.01003333333333
Libya,09,29.009999999999998
Libya,10,24.587433333333326
Libya,11,18.829133333333335
Libya,12,14.20166666666667

Liechtenstein,01,-4.696866666666666
Liechtenstein,02,-3.2337000000000002
Liechtenstein,03,0.342
Liechtenstein,04,4.188733333333333
Liechtenstein,05,9.138900000000001
Liechtenstein,06,12.452766666666662
Liechtenstein,07,14.522366666666665
Liechtenstein,08,13.938266666666667
Liechtenstein,09,11.008500000000002
Liechtenstein,10,6.180700000000002
Liechtenstein,11,0.4870000000000001
Liechtenstein,12,-3.6871333333333336

Lithuania,01,-5.716033333333334
Lithuania,02,-4.8382000000000005
Lithuania,03,-0.5619666666666665
Lithuania,04,5.9532
Lithuania,05,12.6531
Lithuania,06,16.2918
Lithuania,07,17.644766666666666
Lithuania,08,16.894933333333334
Lithuania,09,12.390699999999999
Lithuania,10,7.117999999999999
Lithuania,11,1.7767666666666666
Lithuania,12,-2.844166666666666

Luxembourg,01,1.1432
Luxembourg,02,2.205833333333333
Luxembourg,03,5.309833333333334
Luxembourg,04,8.614
Luxembourg,05,13.2229
Luxembourg,06,16.451266666666665
Luxembourg,07,18.29276666666667
Luxembourg,08,17.975800000000003
Luxembourg,09,14.895966666666665
Luxembourg,10,10.573966666666667
Luxembourg,11,5.471233333333334
Luxembourg,12,2.2222

Macau,01,15.63573333333333
Macau,02,16.053399999999996
Macau,03,19.11343333333333
Macau,04,22.85233333333334
Macau,05,26.907300000000003
Macau,06,28.68726666666667
Macau,07,29.719466666666662
Macau,08,29.477866666666667
Macau,09,28.493166666666664
Macau,10,25.6217
Macau,11,21.68306666666667
Macau,12,17.471999999999998

Macedonia,01,-0.5855666666666667
Macedonia,02,1.7124666666666668
Macedonia,03,5.697733333333333
Macedonia,04,10.414066666666669
Macedonia,05,15.384433333333332
Macedonia,06,19.10186666666667
Macedonia,07,21.464866666666662
Macedonia,08,21.246633333333328
Macedonia,09,17.386333333333333
Macedonia,10,11.6441
Macedonia,11,6.113600000000002
Macedonia,12,1.2669666666666666

Madagascar,01,26.027933333333337
Madagascar,02,26.00086666666666
Madagascar,03,25.711799999999993
Madagascar,04,24.53723333333334
Madagascar,05,22.616733333333332
Madagascar,06,20.6013
Madagascar,07,20.068033333333336
Madagascar,08,20.742866666666664
Madagascar,09,22.347366666666666
Madagascar,10,24.06726666666667
Madagascar,11,25.482566666666667
Madagascar,12,25.931566666666676

Malawi,01,23.680366666666668
Malawi,02,23.726433333333325
Malawi,03,23.531766666666663
Malawi,04,22.53173333333333
Malawi,05,20.735500000000002
Malawi,06,18.752066666666668
Malawi,07,18.388433333333335
Malawi,08,19.8018
Malawi,09,22.431800000000003
Malawi,10,24.49096666666667
Malawi,11,25.07550000000001
Malawi,12,24.112466666666663

Malaysia,01,26.270166666666668
Malaysia,02,26.722933333333334
Malaysia,03,27.2557
Malaysia,04,27.480399999999996
Malaysia,05,27.71163333333333
Malaysia,06,27.415166666666668
Malaysia,07,27.135766666666672
Malaysia,08,27.20963333333333
Malaysia,09,27.062733333333327
Malaysia,10,26.831000000000003
Malaysia,11,26.759466666666665
Malaysia,12,26.373699999999996

Mali,01,22.021733333333334
Mali,02,25.159499999999998
Mali,03,28.581399999999995
Mali,04,31.894966666666665
Mali,05,34.62290000000001
Mali,06,34.87276666666667
Mali,07,33.339966666666655
Mali,08,32.32946666666666
Mali,09,32.24766666666667
Mali,10,31.060566666666666
Mali,11,26.994433333333333
Mali,12,22.5439

Malta,01,13.290600000000001
Malta,02,13.260166666666663
Malta,03,14.0137
Malta,04,15.759033333333337
Malta,05,19.418633333333336
Malta,06,23.197166666666664
Malta,07,26.106500000000008
Malta,08,26.831466666666664
Malta,09,24.915833333333335
Malta,10,21.50336666666666
Malta,11,18.054233333333332
Malta,12,14.7579

Martinique,01,25.76786666666667
Martinique,02,25.781233333333333
Martinique,03,26.205366666666677
Martinique,04,26.79136666666666
Martinique,05,27.888599999999997
Martinique,06,28.344633333333334
Martinique,07,28.35446666666667
Martinique,08,28.447066666666665
Martinique,09,28.3418
Martinique,10,27.906299999999998
Martinique,11,27.397033333333333
Martinique,12,26.272566666666666

Mauritania,01,20.477533333333334
Mauritania,02,23.398366666666668
Mauritania,03,26.317233333333334
Mauritania,04,28.957500000000003
Mauritania,05,32.355
Mauritania,06,34.347566666666665
Mauritania,07,34.53639999999999
Mauritania,08,33.9515
Mauritania,09,33.10606666666667
Mauritania,10,30.748966666666668
Mauritania,11,26.12626666666667
Mauritania,12,21.03066666666667

Mauritius,01,27.041400000000003
Mauritius,02,27.250399999999996
Mauritius,03,26.98363333333333
Mauritius,04,25.8193
Mauritius,05,24.217799999999997
Mauritius,06,22.603099999999998
Mauritius,07,21.782033333333334
Mauritius,08,21.580566666666666
Mauritius,09,22.164600000000007
Mauritius,10,23.13356666666667
Mauritius,11,24.85536666666667
Mauritius,12,26.321700000000007

Mayotte,01,27.961433333333325
Mayotte,02,28.127566666666667
Mayotte,03,28.44113333333333
Mayotte,04,28.44643333333333
Mayotte,05,27.914300000000004
Mayotte,06,26.680366666666668
Mayotte,07,26.004600000000003
Mayotte,08,25.84133333333334
Mayotte,09,26.281966666666676
Mayotte,10,27.038933333333333
Mayotte,11,27.850366666666666
Mayotte,12,27.983900000000006

Mexico,01,15.390600000000003
Mexico,02,16.736133333333335
Mexico,03,19.348
Mexico,04,22.04030000000001
Mexico,05,24.403066666666668
Mexico,06,25.90153333333334
Mexico,07,25.838299999999993
Mexico,08,25.596266666666672
Mexico,09,24.53546666666667
Mexico,10,21.92813333333333
Mexico,11,18.819033333333334
Mexico,12,16.105200000000004

Moldova,01,-3.837466666666667
Moldova,02,-2.0691
Moldova,03,2.6825666666666668
Moldova,04,9.9153
Moldova,05,16.072833333333335
Moldova,06,19.763733333333334
Moldova,07,21.442033333333324
Moldova,08,20.794466666666665
Moldova,09,16.351633333333332
Moldova,10,10.119833333333334
Moldova,11,4.296966666666665
Moldova,12,-0.7087000000000002

Monaco,01,0.47483333333333344
Monaco,02,2.0948999999999995
Monaco,03,4.9389666666666665
Monaco,04,8.029133333333332
Monaco,05,12.31133333333333
Monaco,06,16.4004
Monaco,07,19.580900000000003
Monaco,08,18.8995
Monaco,09,15.40813333333333
Monaco,10,10.327033333333333
Monaco,11,4.856933333333332
Monaco,12,1.2452333333333339

Mongolia,01,-21.56573333333333
Mongolia,02,-18.148566666666667
Mongolia,03,-8.511433333333331
Mongolia,04,1.9008666666666667
Mongolia,05,10.4451
Mongolia,06,16.18
Mongolia,07,18.231499999999997
Mongolia,08,16.320833333333333
Mongolia,09,9.591
Mongolia,10,0.47240000000000004
Mongolia,11,-10.698199999999998
Mongolia,12,-18.973366666666667

Montenegro,01,-0.1369
Montenegro,02,1.9800666666666666
Montenegro,03,5.635866666666668
Montenegro,04,9.940633333333333
Montenegro,05,15.018766666666668
Montenegro,06,18.64163333333333
Montenegro,07,20.9933
Montenegro,08,20.7401
Montenegro,09,16.872799999999998
Montenegro,10,11.49533333333333
Montenegro,11,6.132133333333333
Montenegro,12,1.5575333333333334

Montserrat,01,25.902533333333338
Montserrat,02,25.939266666666665
Montserrat,03,26.409066666666657
Montserrat,04,26.973633333333336
Montserrat,05,28.004099999999998
Montserrat,06,28.68626666666667
Montserrat,07,28.858300000000003
Montserrat,08,28.97093333333333
Montserrat,09,28.780566666666672
Montserrat,10,28.206466666666664
Montserrat,11,27.537033333333337
Montserrat,12,26.376666666666665

Morocco,01,10.391033333333333
Morocco,02,12.47033333333333
Morocco,03,14.759266666666667
Morocco,04,16.5472
Morocco,05,20.00393333333334
Morocco,06,23.67376666666667
Morocco,07,27.343733333333333
Morocco,08,27.277933333333337
Morocco,09,24.145533333333333
Morocco,10,19.32633333333333
Morocco,11,14.721433333333334
Morocco,12,10.791966666666664

Mozambique,01,26.840199999999996
Mozambique,02,26.690333333333335
Mozambique,03,26.28123333333333
Mozambique,04,24.83413333333333
Mozambique,05,22.82023333333333
Mozambique,06,20.7438
Mozambique,07,20.43556666666666
Mozambique,08,21.8575
Mozambique,09,24.15866666666667
Mozambique,10,25.947866666666663
Mozambique,11,26.987600000000004
Mozambique,12,26.90223333333333

Namibia,01,25.346633333333337
Namibia,02,24.646533333333334
Namibia,03,23.870000000000005
Namibia,04,21.564699999999995
Namibia,05,18.64036666666666
Namibia,06,15.779033333333334
Namibia,07,15.479833333333334
Namibia,08,17.74343333333333
Namibia,09,21.06183333333333
Namibia,10,23.177466666666668
Namibia,11,24.5776
Namibia,12,25.304066666666664

Nepal,01,6.054099999999999
Nepal,02,8.560599999999999
Nepal,03,13.110266666666666
Nepal,04,17.621
Nepal,05,20.53326666666667
Nepal,06,22.27283333333333
Nepal,07,21.5542
Nepal,08,21.268566666666665
Nepal,09,20.181066666666666
Nepal,10,16.54083333333333
Nepal,11,11.667066666666665
Nepal,12,7.417766666666666

Netherlands (Europe),01,2.0127333333333337
Netherlands (Europe),02,2.5192666666666668
Netherlands (Europe),03,5.0936666666666675
Netherlands (Europe),04,7.992733333333331
Netherlands (Europe),05,12.534766666666664
Netherlands (Europe),06,15.602433333333334
Netherlands (Europe),07,17.272566666666666
Netherlands (Europe),08,17.398500000000002
Netherlands (Europe),09,14.800233333333335
Netherlands (Europe),10,10.957466666666667
Netherlands (Europe),11,6.3086666666666655
Netherlands (Europe),12,3.167366666666666

Netherlands,01,2.5484
Netherlands,02,3.053433333333333
Netherlands,03,5.578233333333331
Netherlands,04,8.4275
Netherlands,05,12.893999999999997
Netherlands,06,15.904066666666667
Netherlands,07,17.541266666666665
Netherlands,08,17.664933333333334
Netherlands,09,15.131266666666667
Netherlands,10,11.354833333333337
Netherlands,11,6.792366666666666
Netherlands,12,3.695966666666666

New Caledonia,01,26.334733333333325
New Caledonia,02,26.685266666666667
New Caledonia,03,26.320933333333336
New Caledonia,04,24.726366666666667
New Caledonia,05,23.429166666666667
New Caledonia,06,22.11863333333333
New Caledonia,07,20.88993333333333
New Caledonia,08,20.771033333333328
New Caledonia,09,21.318366666666673
New Caledonia,10,22.46080000000001
New Caledonia,11,24.021933333333337
New Caledonia,12,25.165399999999998

New Zealand,01,15.974200000000002
New Zealand,02,15.954700000000004
New Zealand,03,14.617500000000001
New Zealand,04,11.685466666666667
New Zealand,05,8.842133333333331
New Zealand,06,6.474833333333334
New Zealand,07,5.871566666666667
New Zealand,08,6.9819666666666675
New Zealand,09,8.9086
New Zealand,10,10.688166666666666
New Zealand,11,12.6582
New Zealand,12,14.503599999999999

Nicaragua,01,25.90693333333333
Nicaragua,02,26.502
Nicaragua,03,27.753666666666664
Nicaragua,04,28.525799999999997
Nicaragua,05,28.59853333333333
Nicaragua,06,27.47163333333333
Nicaragua,07,27.1487
Nicaragua,08,27.31673333333334
Nicaragua,09,27.135399999999997
Nicaragua,10,26.654133333333334
Nicaragua,11,26.46146666666666
Nicaragua,12,25.9472

Niger,01,19.943499999999997
Niger,02,22.906966666666666
Niger,03,27.30676666666666
Niger,04,31.634400000000007
Niger,05,34.118933333333324
Niger,06,34.33446666666667
Niger,07,32.68846666666667
Niger,08,31.79096666666667
Niger,09,31.76376666666666
Niger,10,29.6699
Niger,11,24.881500000000003
Niger,12,21.083566666666666

Nigeria,01,25.314533333333337
Nigeria,02,27.877033333333337
Nigeria,03,30.1782
Nigeria,04,30.89730000000001
Nigeria,05,30.17973333333334
Nigeria,06,28.54463333333333
Nigeria,07,26.948466666666665
Nigeria,08,26.44886666666667
Nigeria,09,27.069333333333336
Nigeria,10,27.69943333333333
Nigeria,11,26.9167
Nigeria,12,25.397333333333336

Niue,01,27.554999999999993
Niue,02,27.916433333333334
Niue,03,27.809533333333334
Niue,04,26.93546666666667
Niue,05,25.9887
Niue,06,25.265533333333337
Niue,07,24.406733333333342
Niue,08,24.4088
Niue,09,24.99606666666666
Niue,10,25.401600000000006
Niue,11,26.204299999999996
Niue,12,26.7932

North America,01,-11.989933333333331
North America,02,-10.055966666666666
North America,03,-5.741633333333332
North America,04,1.1205666666666667
North America,05,8.451733333333332
North America,06,14.093133333333332
North America,07,16.957699999999996
North America,08,15.664366666666666
North America,09,10.614066666666666
North America,10,3.750766666666665
North America,11,-3.933533333333334
North America,12,-9.934366666666666

North Korea,01,-9.761733333333332
North Korea,02,-6.793500000000001
North Korea,03,-0.05216666666666665
North Korea,04,7.452466666666667
North Korea,05,13.790266666666668
North Korea,06,17.99743333333333
North Korea,07,21.701266666666672
North Korea,08,22.16813333333333
North Korea,09,16.529566666666668
North Korea,10,9.537466666666667
North Korea,11,1.4675
North Korea,12,-6.574233333333331

Northern Mariana Islands,01,27.170099999999998
Northern Mariana Islands,02,27.15383333333334
Northern Mariana Islands,03,27.538800000000002
Northern Mariana Islands,04,28.03319999999999
Northern Mariana Islands,05,28.676299999999994
Northern Mariana Islands,06,28.79700000000001
Northern Mariana Islands,07,28.4867
Northern Mariana Islands,08,28.26943333333334
Northern Mariana Islands,09,28.293766666666667
Northern Mariana Islands,10,28.08076666666666
Northern Mariana Islands,11,28.287599999999994
Northern Mariana Islands,12,27.675633333333334

Norway,01,-9.2786
Norway,02,-8.748633333333334
Norway,03,-5.910166666666666
Norway,04,-2.0101
Norway,05,4.1271
Norway,06,8.948799999999999
Norway,07,11.1416
Norway,08,10.1904
Norway,09,5.9736
Norway,10,0.8906
Norway,11,-4.347800000000001
Norway,12,-7.7333333333333325

Oceania,01,28.431533333333334
Oceania,02,27.971733333333336
Oceania,03,26.22793333333333
Oceania,04,22.741199999999996
Oceania,05,18.929333333333336
Oceania,06,15.967533333333334
Oceania,07,15.16723333333333
Oceania,08,16.858033333333335
Oceania,09,20.0346
Oceania,10,23.234500000000004
Oceania,11,25.92343333333333
Oceania,12,27.637766666666675

Oman,01,20.300033333333328
Oman,02,21.906433333333332
Oman,03,25.245399999999997
Oman,04,28.79616666666667
Oman,05,32.42296666666666
Oman,06,34.00130000000001
Oman,07,33.91126666666667
Oman,08,32.60236666666667
Oman,09,30.726566666666663
Oman,10,28.071900000000007
Oman,11,24.95826666666666
Oman,12,21.525766666666666

Pakistan,01,9.456133333333332
Pakistan,02,12.019499999999999
Pakistan,03,17.413533333333326
Pakistan,04,23.13666666666666
Pakistan,05,27.953600000000005
Pakistan,06,31.069366666666657
Pakistan,07,30.555899999999994
Pakistan,08,29.33736666666666
Pakistan,09,26.941399999999998
Pakistan,10,22.269466666666656
Pakistan,11,16.421400000000002
Pakistan,12,11.070866666666667

Palau,01,27.865866666666662
Palau,02,27.90426666666667
Palau,03,28.2669
Palau,04,28.532500000000002
Palau,05,28.911633333333334
Palau,06,28.6014
Palau,07,28.416933333333343
Palau,08,28.514799999999997
Palau,09,28.621066666666664
Palau,10,28.4023
Palau,11,28.64453333333333
Palau,12,28.213200000000004

Palestina,01,21.999033333333333
Palestina,02,22.56726666666668
Palestina,03,23.3088
Palestina,04,24.044833333333333
Palestina,05,25.037699999999997
Palestina,06,25.740233333333332
Palestina,07,25.835633333333327
Palestina,08,25.8174
Palestina,09,25.426299999999994
Palestina,10,24.51463333333333
Palestina,11,23.418699999999998
Palestina,12,22.122366666666675

Palmyra Atoll,01,27.701199999999996
Palmyra Atoll,02,27.794333333333334
Palmyra Atoll,03,28.077966666666665
Palmyra Atoll,04,28.17193333333333
Palmyra Atoll,05,28.40006666666667
Palmyra Atoll,06,28.330666666666673
Palmyra Atoll,07,28.554000000000006
Palmyra Atoll,08,28.732366666666667
Palmyra Atoll,09,28.540700000000005
Palmyra Atoll,10,28.23306666666667
Palmyra Atoll,11,28.246466666666667
Palmyra Atoll,12,27.932766666666662

Panama,01,27.24866666666667
Panama,02,27.56773333333334
Panama,03,28.042299999999997
Panama,04,28.12316666666667
Panama,05,27.988500000000002
Panama,06,27.615133333333336
Panama,07,27.564833333333333
Panama,08,27.470899999999997
Panama,09,27.17586666666666
Panama,10,26.66046666666667
Panama,11,26.85863333333333
Panama,12,26.953266666666668

Papua New Guinea,01,25.82426666666667
Papua New Guinea,02,25.8195
Papua New Guinea,03,25.80583333333333
Papua New Guinea,04,25.608966666666664
Papua New Guinea,05,25.601433333333325
Papua New Guinea,06,24.946933333333334
Papua New Guinea,07,24.587233333333334
Papua New Guinea,08,24.74703333333333
Papua New Guinea,09,25.218266666666675
Papua New Guinea,10,25.465199999999992
Papua New Guinea,11,25.985866666666666
Papua New Guinea,12,25.8528

Paraguay,01,28.524966666666668
Paraguay,02,28.06566666666666
Paraguay,03,27.02093333333334
Paraguay,04,24.0321
Paraguay,05,21.297266666666665
Paraguay,06,19.1085
Paraguay,07,19.405900000000006
Paraguay,08,21.03796666666667
Paraguay,09,23.031299999999998
Paraguay,10,25.59506666666666
Paraguay,11,27.1533
Paraguay,12,28.1341

Peru,01,21.44293333333333
Peru,02,21.513666666666662
Peru,03,21.478066666666667
Peru,04,21.0519
Peru,05,20.596866666666667
Peru,06,19.776500000000002
Peru,07,19.518266666666666
Peru,08,20.212299999999995
Peru,09,20.718966666666667
Peru,10,20.974899999999995
Peru,11,21.34186666666666
Peru,12,21.3851

Philippines,01,26.104133333333337
Philippines,02,26.533066666666667
Philippines,03,27.574333333333342
Philippines,04,28.547733333333333
Philippines,05,29.08993333333333
Philippines,06,28.550600000000006
Philippines,07,28.179700000000004
Philippines,08,28.143400000000003
Philippines,09,27.997566666666664
Philippines,10,27.59713333333333
Philippines,11,27.37613333333333
Philippines,12,26.5414

Poland,01,-3.9438333333333335
Poland,02,-2.4854999999999996
Poland,03,2.334966666666667
Poland,04,8.123000000000001
Poland,05,13.630799999999999
Poland,06,17.025499999999997
Poland,07,18.5208
Poland,08,18.064500000000002
Poland,09,14.011233333333335
Poland,10,8.911233333333334
Poland,11,3.3190999999999993
Poland,12,-1.5101000000000002

Portugal,01,8.894733333333333
Portugal,02,10.044766666666666
Portugal,03,11.7955
Portugal,04,13.3744
Portugal,05,16.39813333333333
Portugal,06,20.021900000000002
Portugal,07,22.679100000000002
Portugal,08,22.5732
Portugal,09,20.777100000000004
Portugal,10,16.52603333333333
Portugal,11,12.219400000000002
Portugal,12,9.325666666666667

Puerto Rico,01,24.772066666666664
Puerto Rico,02,24.668000000000003
Puerto Rico,03,25.036266666666666
Puerto Rico,04,25.648466666666668
Puerto Rico,05,26.882633333333334
Puerto Rico,06,27.835100000000004
Puerto Rico,07,28.125966666666667
Puerto Rico,08,28.206333333333337
Puerto Rico,09,28.060400000000005
Puerto Rico,10,27.55323333333333
Puerto Rico,11,26.800966666666675
Puerto Rico,12,25.43103333333334

Qatar,01,17.8443
Qatar,02,19.103700000000003
Qatar,03,22.564500000000002
Qatar,04,26.806900000000006
Qatar,05,32.30443333333333
Qatar,06,35.03986666666666
Qatar,07,36.24766666666667
Qatar,08,35.847433333333335
Qatar,09,33.6465
Qatar,10,29.908266666666666
Qatar,11,25.108566666666672
Qatar,12,19.920066666666667

Reunion,01,26.466500000000003
Reunion,02,26.922333333333334
Reunion,03,26.745499999999996
Reunion,04,25.66483333333333
Reunion,05,24.413733333333333
Reunion,06,23.072333333333336
Reunion,07,22.236733333333337
Reunion,08,21.708899999999996
Reunion,09,21.85649999999999
Reunion,10,22.491099999999996
Reunion,11,23.955766666666655
Reunion,12,25.42736666666667

Romania,01,-3.3099
Romania,02,-1.0812666666666666
Romania,03,3.654033333333333
Romania,04,9.582933333333333
Romania,05,15.070266666666667
Romania,06,18.469366666666666
Romania,07,20.21683333333334
Romania,08,19.715466666666657
Romania,09,15.820366666666663
Romania,10,10.0662
Romania,11,4.499833333333334
Romania,12,-0.5542333333333332

Russian Federation,01,-26.324233333333332
Russian Federation,02,-23.73213333333333
Russian Federation,03,-15.413900000000002
Russian Federation,04,-5.57126666666667
Russian Federation,05,4.209633333333334
Russian Federation,06,12.085099999999999
Russian Federation,07,15.673733333333333
Russian Federation,08,12.894833333333333
Russian Federation,09,6.232233333333332
Russian Federation,10,-4.715800000000001
Russian Federation,11,-16.59926666666667
Russian Federation,12,-23.350733333333327

Rwanda,01,19.898266666666665
Rwanda,02,20.137433333333334
Rwanda,03,20.029166666666665
Rwanda,04,19.730566666666668
Rwanda,05,20.04553333333333
Rwanda,06,19.986900000000002
Rwanda,07,20.093566666666664
Rwanda,08,20.64793333333333
Rwanda,09,20.6678
Rwanda,10,20.068266666666666
Rwanda,11,19.647233333333336
Rwanda,12,19.5584

Saint Barth�lemy,01,25.979033333333334
Saint Barth�lemy,02,26.057433333333332
Saint Barth�lemy,03,26.51706666666667
Saint Barth�lemy,04,27.012433333333334
Saint Barth�lemy,05,28.043733333333332
Saint Barth�lemy,06,28.90173333333333
Saint Barth�lemy,07,29.165866666666666
Saint Barth�lemy,08,29.314700000000002
Saint Barth�lemy,09,29.21793333333333
Saint Barth�lemy,10,28.7129
Saint Barth�lemy,11,27.87703333333333
Saint Barth�lemy,12,26.523299999999992

Saint Kitts and Nevis,01,25.458699999999997
Saint Kitts and Nevis,02,25.476166666666664
Saint Kitts and Nevis,03,25.904799999999987
Saint Kitts and Nevis,04,26.439166666666665
Saint Kitts and Nevis,05,27.40943333333333
Saint Kitts and Nevis,06,28.037133333333333
Saint Kitts and Nevis,07,28.18796666666667
Saint Kitts and Nevis,08,28.336933333333338
Saint Kitts and Nevis,09,28.215566666666668
Saint Kitts and Nevis,10,27.689466666666664
Saint Kitts and Nevis,11,27.01796666666667
Saint Kitts and Nevis,12,25.902333333333335

Saint Lucia,01,26.6135
Saint Lucia,02,26.609766666666665
Saint Lucia,03,27.04233333333333
Saint Lucia,04,27.559
Saint Lucia,05,28.43306666666666
Saint Lucia,06,28.540033333333334
Saint Lucia,07,28.538
Saint Lucia,08,28.762666666666664
Saint Lucia,09,28.759533333333334
Saint Lucia,10,28.350766666666665
Saint Lucia,11,28.023433333333337
Saint Lucia,12,27.084466666666675

Saint Martin,01,25.979033333333334
Saint Martin,02,26.057433333333332
Saint Martin,03,26.51706666666667
Saint Martin,04,27.012433333333334
Saint Martin,05,28.043733333333332
Saint Martin,06,28.90173333333333
Saint Martin,07,29.165866666666666
Saint Martin,08,29.314700000000002
Saint Martin,09,29.21793333333333
Saint Martin,10,28.7129
Saint Martin,11,27.87703333333333
Saint Martin,12,26.523299999999992

Saint Pierre and Miquelon,01,-4.653533333333334
Saint Pierre and Miquelon,02,-5.190433333333333
Saint Pierre and Miquelon,03,-2.3353999999999995
Saint Pierre and Miquelon,04,1.7874
Saint Pierre and Miquelon,05,6.394733333333334
Saint Pierre and Miquelon,06,10.710766666666663
Saint Pierre and Miquelon,07,14.935133333333333
Saint Pierre and Miquelon,08,15.764866666666666
Saint Pierre and Miquelon,09,12.350466666666666
Saint Pierre and Miquelon,10,7.3885
Saint Pierre and Miquelon,11,3.2344999999999997
Saint Pierre and Miquelon,12,-1.9700999999999997

Saint Vincent and The Grenadines,01,26.826166666666673
Saint Vincent and The Grenadines,02,26.865600000000008
Saint Vincent and The Grenadines,03,27.284966666666666
Saint Vincent and The Grenadines,04,27.788966666666667
Saint Vincent and The Grenadines,05,28.560366666666663
Saint Vincent and The Grenadines,06,28.550066666666666
Saint Vincent and The Grenadines,07,28.56093333333333
Saint Vincent and The Grenadines,08,28.83176666666666
Saint Vincent and The Grenadines,09,28.913433333333337
Saint Vincent and The Grenadines,10,28.507900000000003
Saint Vincent and The Grenadines,11,28.163466666666668
Saint Vincent and The Grenadines,12,27.25073333333334

Samoa,01,27.633599999999998
Samoa,02,27.730866666666664
Samoa,03,27.775166666666674
Samoa,04,27.570033333333342
Samoa,05,27.55116666666667
Samoa,06,27.318199999999997
Samoa,07,26.911833333333334
Samoa,08,26.8823
Samoa,09,27.1539
Samoa,10,27.175466666666672
Samoa,11,27.472966666666668
Samoa,12,27.527766666666665

San Marino,01,6.349233333333331
San Marino,02,6.920633333333333
San Marino,03,9.0525
San Marino,04,12.169100000000002
San Marino,05,16.474499999999995
San Marino,06,20.053966666666668
San Marino,07,22.941266666666664
San Marino,08,23.144333333333336
San Marino,09,20.317066666666665
San Marino,10,16.23233333333333
San Marino,11,11.902966666666668
San Marino,12,8.141766666666665

Sao Tome and Principe,01,27.274366666666666
Sao Tome and Principe,02,27.84636666666667
Sao Tome and Principe,03,27.958099999999998
Sao Tome and Principe,04,27.733299999999993
Sao Tome and Principe,05,27.470433333333332
Sao Tome and Principe,06,26.255933333333328
Sao Tome and Principe,07,25.46043333333333
Sao Tome and Principe,08,25.653900000000004
Sao Tome and Principe,09,26.19816666666667
Sao Tome and Principe,10,26.398833333333332
Sao Tome and Principe,11,26.89563333333334
Sao Tome and Principe,12,26.953666666666674

Saudi Arabia,01,15.995600000000001
Saudi Arabia,02,18.268399999999993
Saudi Arabia,03,22.35023333333333
Saudi Arabia,04,26.56226666666667
Saudi Arabia,05,31.4585
Saudi Arabia,06,34.39176666666666
Saudi Arabia,07,35.4827
Saudi Arabia,08,35.0665
Saudi Arabia,09,32.6824
Saudi Arabia,10,27.551666666666666
Saudi Arabia,11,21.946600000000004
Saudi Arabia,12,17.174933333333332

Senegal,01,25.309933333333333
Senegal,02,27.697633333333332
Senegal,03,29.84803333333333
Senegal,04,31.366000000000003
Senegal,05,32.45186666666667
Senegal,06,31.6295
Senegal,07,29.814900000000005
Senegal,08,29.0023
Senegal,09,29.136533333333325
Senegal,10,29.7722
Senegal,11,28.2996
Senegal,12,25.4492

Republic of Serbia,01,-1.4613333333333332
Republic of Serbia,02,1.0596333333333334
Republic of Serbia,03,5.486133333333336
Republic of Serbia,04,10.5797
Republic of Serbia,05,15.738166666666666
Republic of Serbia,06,18.9825
Republic of Serbia,07,20.893333333333334
Republic of Serbia,08,20.659033333333337
Republic of Serbia,09,16.88093333333333
Republic of Serbia,10,11.249666666666664
Republic of Serbia,11,5.548566666666665
Republic of Serbia,12,0.6581666666666667

Seychelles,01,27.463466666666665
Seychelles,02,28.01956666666667
Seychelles,03,28.638133333333336
Seychelles,04,28.94223333333333
Seychelles,05,28.82953333333334
Seychelles,06,27.884266666666665
Seychelles,07,27.110833333333343
Seychelles,08,27.027766666666675
Seychelles,09,27.428833333333333
Seychelles,10,27.46233333333333
Seychelles,11,27.626366666666673
Seychelles,12,27.440166666666673

Sierra Leone,01,26.367533333333338
Sierra Leone,02,28.024499999999996
Sierra Leone,03,28.887766666666668
Sierra Leone,04,28.77853333333333
Sierra Leone,05,28.254200000000004
Sierra Leone,06,27.1393
Sierra Leone,07,26.128633333333333
Sierra Leone,08,25.85893333333333
Sierra Leone,09,26.37043333333333
Sierra Leone,10,26.875299999999996
Sierra Leone,11,27.164766666666658
Sierra Leone,12,26.08803333333334

Singapore,01,26.82436666666667
Singapore,02,27.4352
Singapore,03,27.900000000000002
Singapore,04,28.059633333333316
Singapore,05,28.557633333333328
Singapore,06,28.403599999999994
Singapore,07,27.99176666666666
Singapore,08,27.89603333333333
Singapore,09,27.672600000000003
Singapore,10,27.587533333333333
Singapore,11,27.495400000000007
Singapore,12,26.969266666666673

Sint Maarten,01,25.979033333333334
Sint Maarten,02,26.057433333333332
Sint Maarten,03,26.51706666666667
Sint Maarten,04,27.012433333333334
Sint Maarten,05,28.043733333333332
Sint Maarten,06,28.90173333333333
Sint Maarten,07,29.165866666666666
Sint Maarten,08,29.314700000000002
Sint Maarten,09,29.21793333333333
Sint Maarten,10,28.7129
Sint Maarten,11,27.87703333333333
Sint Maarten,12,26.523299999999992

Slovakia,01,-3.519333333333334
Slovakia,02,-1.463233333333333
Slovakia,03,2.856066666666666
Slovakia,04,8.094766666666665
Slovakia,05,13.345333333333334
Slovakia,06,16.535966666666663
Slovakia,07,18.122
Slovakia,08,17.680633333333336
Slovakia,09,13.954700000000003
Slovakia,10,8.883233333333335
Slovakia,11,3.3125999999999993
Slovakia,12,-1.3550666666666666

Slovenia,01,-0.6550666666666668
Slovenia,02,1.5292666666666668
Slovenia,03,5.312033333333334
Slovenia,04,9.64926666666667
Slovenia,05,14.640733333333335
Slovenia,06,18.162866666666666
Slovenia,07,20.231666666666662
Slovenia,08,19.68406666666666
Slovenia,09,16.125366666666665
Slovenia,10,10.9162
Slovenia,11,5.356933333333334
Slovenia,12,0.7989666666666666

Solomon Islands,01,28.090833333333325
Solomon Islands,02,28.068066666666663
Solomon Islands,03,28.066566666666663
Solomon Islands,04,27.885766666666665
Solomon Islands,05,27.950700000000005
Solomon Islands,06,27.57423333333334
Solomon Islands,07,27.180033333333327
Solomon Islands,08,27.13843333333334
Solomon Islands,09,27.263066666666663
Solomon Islands,10,27.286499999999997
Solomon Islands,11,27.862866666666665
Solomon Islands,12,27.99696666666667

Somalia,01,26.194533333333336
Somalia,02,27.095966666666666
Somalia,03,28.537066666666668
Somalia,04,28.85363333333333
Somalia,05,28.957333333333334
Somalia,06,28.687799999999996
Somalia,07,28.320466666666675
Somalia,08,28.3916
Somalia,09,28.647100000000002
Somalia,10,27.679866666666662
Somalia,11,26.9597
Somalia,12,26.232200000000002

South Africa,01,23.90406666666667
South Africa,02,23.342500000000005
South Africa,03,21.712100000000003
South Africa,04,18.0304
South Africa,05,14.603933333333334
South Africa,06,11.5334
South Africa,07,11.432366666666665
South Africa,08,13.494333333333332
South Africa,09,16.7804
South Africa,10,18.94826666666666
South Africa,11,21.24226666666667
South Africa,12,22.912733333333335

South America,01,24.657433333333326
South America,02,24.546100000000003
South America,03,24.063466666666674
South America,04,22.814033333333334
South America,05,21.63273333333333
South America,06,20.34786666666667
South America,07,20.27956666666667
South America,08,21.4148
South America,09,22.521466666666665
South America,10,23.3908
South America,11,24.180500000000006
South America,12,24.432799999999993

South Georgia and The South Sandwich Isla,01,4.683266666666667
South Georgia and The South Sandwich Isla,02,5.2394
South Georgia and The South Sandwich Isla,03,4.430033333333333
South Georgia and The South Sandwich Isla,04,2.0909
South Georgia and The South Sandwich Isla,05,0.024266666666666697
South Georgia and The South Sandwich Isla,06,-0.9595333333333331
South Georgia and The South Sandwich Isla,07,-1.5365666666666664
South Georgia and The South Sandwich Isla,08,-1.2477666666666662
South Georgia and The South Sandwich Isla,09,-0.3614666666666667
South Georgia and The South Sandwich Isla,10,1.0222000000000002
South Georgia and The South Sandwich Isla,11,2.502333333333333
South Georgia and The South Sandwich Isla,12,3.6095333333333333

South Korea,01,-1.7110666666666665
South Korea,02,0.3566000000000001
South Korea,03,5.4277999999999995
South Korea,04,11.891266666666667
South Korea,05,17.49363333333333
South Korea,06,21.512533333333334
South Korea,07,25.313166666666664
South Korea,08,26.081
South Korea,09,20.904199999999992
South Korea,10,14.502666666666668
South Korea,11,7.754566666666666
South Korea,12,1.151166666666667

Spain,01,6.500966666666669
Spain,02,7.902333333333333
Spain,03,9.9252
Spain,04,11.904033333333336
Spain,05,15.745299999999997
Spain,06,20.038166666666662
Spain,07,23.50003333333334
Spain,08,23.25006666666666
Spain,09,20.40383333333333
Spain,10,15.163599999999997
Spain,11,10.160566666666663
Spain,12,6.912633333333333

Sri Lanka,01,26.596933333333332
Sri Lanka,02,27.48523333333334
Sri Lanka,03,28.7237
Sri Lanka,04,29.363033333333327
Sri Lanka,05,29.566199999999995
Sri Lanka,06,29.090233333333337
Sri Lanka,07,28.70176666666667
Sri Lanka,08,28.615133333333336
Sri Lanka,09,28.457800000000002
Sri Lanka,10,27.803300000000004
Sri Lanka,11,27.26126666666666
Sri Lanka,12,26.644299999999998

Sudan,01,22.8127
Sudan,02,24.74923333333333
Sudan,03,27.87290000000001
Sudan,04,30.203666666666667
Sudan,05,31.668633333333332
Sudan,06,31.500200000000003
Sudan,07,30.06966666666667
Sudan,08,29.641133333333332
Sudan,09,29.91533333333334
Sudan,10,29.150966666666665
Sudan,11,26.307366666666667
Sudan,12,23.59866666666666

Suriname,01,26.451166666666666
Suriname,02,26.590066666666676
Suriname,03,27.013833333333334
Suriname,04,27.1401
Suriname,05,27.20693333333334
Suriname,06,27.054199999999994
Suriname,07,27.193566666666666
Suriname,08,27.800966666666664
Suriname,09,28.29523333333333
Suriname,10,28.300066666666666
Suriname,11,28.05956666666667
Suriname,12,26.99756666666667

Svalbard and Jan Mayen,01,-16.603766666666665
Svalbard and Jan Mayen,02,-17.273366666666668
Svalbard and Jan Mayen,03,-16.40063333333333
Svalbard and Jan Mayen,04,-12.849433333333334
Svalbard and Jan Mayen,05,-5.141466666666668
Svalbard and Jan Mayen,06,0.8656666666666666
Svalbard and Jan Mayen,07,4.353833333333333
Svalbard and Jan Mayen,08,3.536933333333334
Svalbard and Jan Mayen,09,-0.8308999999999997
Svalbard and Jan Mayen,10,-7.292133333333334
Svalbard and Jan Mayen,11,-11.728033333333332
Svalbard and Jan Mayen,12,-14.860866666666665

Swaziland,01,23.833399999999997
Swaziland,02,23.538866666666664
Swaziland,03,22.72156666666666
Swaziland,04,19.877733333333325
Swaziland,05,17.104566666666663
Swaziland,06,14.319566666666667
Swaziland,07,14.473733333333335
Swaziland,08,16.5837
Swaziland,09,19.107566666666663
Swaziland,10,20.391533333333328
Swaziland,11,21.850199999999997
Swaziland,12,23.17606666666667

Sweden,01,-8.955199999999998
Sweden,02,-8.033800000000001
Sweden,03,-3.9115666666666664
Sweden,04,1.1429333333333334
Sweden,05,7.7223999999999995
Sweden,06,13.0765
Sweden,07,14.94063333333333
Sweden,08,13.483666666666666
Sweden,09,8.732400000000004
Sweden,10,3.4237333333333337
Sweden,11,-2.6794
Sweden,12,-6.956599999999999

Switzerland,01,-1.9516333333333333
Switzerland,02,-0.4661333333333333
Switzerland,03,2.8046666666666673
Switzerland,04,6.392933333333332
Switzerland,05,11.096499999999999
Switzerland,06,14.589233333333338
Switzerland,07,16.958733333333335
Switzerland,08,16.351600000000005
Switzerland,09,13.31366666666667
Switzerland,10,8.419033333333333
Switzerland,11,2.855266666666667
Switzerland,12,-0.8996333333333333

Syria,01,6.815766666666665
Syria,02,8.940733333333334
Syria,03,12.751900000000001
Syria,04,17.700233333333337
Syria,05,23.205533333333328
Syria,06,27.66593333333333
Syria,07,30.340600000000006
Syria,08,29.930033333333327
Syria,09,26.68496666666667
Syria,10,20.727866666666664
Syria,11,13.807533333333334
Syria,12,8.4267

Taiwan,01,16.681233333333335
Taiwan,02,17.081866666666667
Taiwan,03,19.153133333333333
Taiwan,04,22.162933333333335
Taiwan,05,25.083866666666665
Taiwan,06,26.9529
Taiwan,07,28.45396666666667
Taiwan,08,28.152933333333333
Taiwan,09,27.08743333333333
Taiwan,10,24.6155
Taiwan,11,21.887199999999996
Taiwan,12,18.421466666666667

Tajikistan,01,-10.2488
Tajikistan,02,-7.8221333333333325
Tajikistan,03,-1.2433333333333334
Tajikistan,04,5.6332
Tajikistan,05,10.578733333333332
Tajikistan,06,15.466000000000001
Tajikistan,07,17.6679
Tajikistan,08,16.392033333333327
Tajikistan,09,11.666133333333336
Tajikistan,10,5.049033333333333
Tajikistan,11,-1.447166666666667
Tajikistan,12,-7.341933333333332

United Republic of Tanzania,01,23.828400000000002
United Republic of Tanzania,02,24.000566666666675
United Republic of Tanzania,03,23.931333333333335
United Republic of Tanzania,04,23.296133333333326
United Republic of Tanzania,05,22.590733333333333
United Republic of Tanzania,06,21.463466666666662
United Republic of Tanzania,07,21.1289
United Republic of Tanzania,08,21.90133333333333
United Republic of Tanzania,09,23.270500000000006
United Republic of Tanzania,10,24.23973333333334
United Republic of Tanzania,11,24.486800000000002
United Republic of Tanzania,12,23.998966666666664

Thailand,01,23.847333333333328
Thailand,02,26.090033333333334
Thailand,03,28.465700000000002
Thailand,04,29.8755
Thailand,05,29.44826666666667
Thailand,06,28.672399999999996
Thailand,07,28.264699999999994
Thailand,08,28.00566666666667
Thailand,09,27.73926666666667
Thailand,10,26.995900000000006
Thailand,11,25.5984
Thailand,12,23.58730000000001

Timor Leste,01,27.692066666666662
Timor Leste,02,27.480599999999995
Timor Leste,03,27.492866666666668
Timor Leste,04,27.455133333333336
Timor Leste,05,27.197766666666666
Timor Leste,06,26.16933333333333
Timor Leste,07,25.591066666666674
Timor Leste,08,25.642166666666665
Timor Leste,09,26.46293333333334
Timor Leste,10,27.474800000000002
Timor Leste,11,28.55763333333333
Timor Leste,12,28.207766666666664

Togo,01,27.921
Togo,02,29.7359
Togo,03,30.436900000000005
Togo,04,29.778166666666667
Togo,05,28.819466666666674
Togo,06,27.213599999999996
Togo,07,26.244199999999992
Togo,08,26.10383333333333
Togo,09,26.569733333333335
Togo,10,27.3976
Togo,11,28.025233333333336
Togo,12,27.517033333333334

Tonga,01,26.414233333333332
Tonga,02,27.00276666666667
Tonga,03,26.73263333333334
Tonga,04,25.389699999999998
Tonga,05,23.91123333333333
Tonga,06,23.12013333333334
Tonga,07,21.974933333333333
Tonga,08,21.782233333333334
Tonga,09,22.20436666666666
Tonga,10,22.885833333333327
Tonga,11,24.259866666666664
Tonga,12,25.319166666666664

Trinidad and Tobago,01,26.2504
Trinidad and Tobago,02,26.520966666666663
Trinidad and Tobago,03,27.16786666666667
Trinidad and Tobago,04,27.731700000000004
Trinidad and Tobago,05,28.185033333333326
Trinidad and Tobago,06,27.5905
Trinidad and Tobago,07,27.408400000000004
Trinidad and Tobago,08,27.65543333333333
Trinidad and Tobago,09,27.83313333333334
Trinidad and Tobago,10,27.628633333333333
Trinidad and Tobago,11,27.380533333333332
Trinidad and Tobago,12,26.5607

Tunisia,01,11.22466666666667
Tunisia,02,13.146133333333333
Tunisia,03,15.633100000000004
Tunisia,04,18.974666666666668
Tunisia,05,23.5799
Tunisia,06,28.03589999999999
Tunisia,07,30.762533333333334
Tunisia,08,30.706766666666667
Tunisia,09,27.307866666666662
Tunisia,10,22.04533333333333
Tunisia,11,16.575966666666666
Tunisia,12,12.088033333333328

Turkey,01,0.9984666666666665
Turkey,02,2.424866666666667
Turkey,03,6.0178666666666665
Turkey,04,10.969566666666664
Turkey,05,15.816200000000004
Turkey,06,20.141866666666665
Turkey,07,23.48733333333333
Turkey,08,23.30503333333333
Turkey,09,19.57933333333333
Turkey,10,13.92366666666667
Turkey,11,8.4257
Turkey,12,3.494500000000001

Turkmenistan,01,0.44083333333333335
Turkmenistan,02,2.7478666666666665
Turkmenistan,03,8.768533333333332
Turkmenistan,04,16.4967
Turkmenistan,05,23.133233333333337
Turkmenistan,06,28.498133333333335
Turkmenistan,07,30.988
Turkmenistan,08,28.716166666666663
Turkmenistan,09,22.799799999999998
Turkmenistan,10,14.710600000000001
Turkmenistan,11,8.378733333333333
Turkmenistan,12,2.8161333333333336

Turks and Caicas Islands,01,25.422033333333335
Turks and Caicas Islands,02,25.617933333333337
Turks and Caicas Islands,03,26.11903333333333
Turks and Caicas Islands,04,26.734666666666662
Turks and Caicas Islands,05,28.175133333333335
Turks and Caicas Islands,06,29.559933333333333
Turks and Caicas Islands,07,30.206966666666663
Turks and Caicas Islands,08,30.291833333333333
Turks and Caicas Islands,09,30.02296666666667
Turks and Caicas Islands,10,28.977766666666664
Turks and Caicas Islands,11,27.533500000000004
Turks and Caicas Islands,12,25.88676666666667

Uganda,01,24.409399999999994
Uganda,02,25.085233333333335
Uganda,03,25.17223333333333
Uganda,04,24.29496666666667
Uganda,05,23.966933333333333
Uganda,06,23.449466666666662
Uganda,07,23.017066666666665
Uganda,08,23.1888
Uganda,09,23.53073333333334
Uganda,10,23.74416666666666
Uganda,11,23.837
Uganda,12,23.855700000000002

Ukraine,01,-5.361233333333333
Ukraine,02,-3.9220000000000015
Ukraine,03,0.9748999999999999
Ukraine,04,8.896033333333332
Ukraine,05,15.34
Ukraine,06,18.862533333333335
Ukraine,07,20.508
Ukraine,08,19.746133333333333
Ukraine,09,14.913499999999999
Ukraine,10,8.55863333333333
Ukraine,11,2.8368333333333338
Ukraine,12,-1.9360333333333335

United Arab Emirates,01,19.235599999999998
United Arab Emirates,02,20.93953333333333
United Arab Emirates,03,24.54893333333333
United Arab Emirates,04,28.500300000000003
United Arab Emirates,05,33.05446666666667
United Arab Emirates,06,35.46926666666666
United Arab Emirates,07,36.93293333333332
United Arab Emirates,08,36.4614
United Arab Emirates,09,33.97066666666667
United Arab Emirates,10,29.89273333333334
United Arab Emirates,11,25.160399999999996
United Arab Emirates,12,20.718833333333333

United Kingdom (Europe),01,3.7780666666666667
United Kingdom (Europe),02,3.8013999999999997
United Kingdom (Europe),03,5.469133333333333
United Kingdom (Europe),04,7.349633333333332
United Kingdom (Europe),05,10.630466666666667
United Kingdom (Europe),06,13.627733333333328
United Kingdom (Europe),07,15.29403333333333
United Kingdom (Europe),08,15.152833333333332
United Kingdom (Europe),09,13.1222
United Kingdom (Europe),10,10.20933333333333
United Kingdom (Europe),11,6.420466666666665
United Kingdom (Europe),12,4.5596

United Kingdom,01,4.145133333333334
United Kingdom,02,4.202766666666666
United Kingdom,03,5.696299999999999
United Kingdom,04,7.3347999999999995
United Kingdom,05,10.3067
United Kingdom,06,13.0378
United Kingdom,07,14.572899999999997
United Kingdom,08,14.455599999999999
United Kingdom,09,12.603833333333336
United Kingdom,10,9.944433333333333
United Kingdom,11,6.4946666666666655
United Kingdom,12,4.819966666666668

United States,01,-4.03
United States,02,-1.7680000000000002
United States,03,2.787466666666667
United States,04,8.430433333333333
United States,05,14.395499999999998
United States,06,19.450966666666663
United States,07,22.250666666666675
United States,08,21.1896
United States,09,16.723
United States,10,9.955066666666669
United States,11,3.0251333333333337
United States,12,-2.5086000000000004

Uruguay,01,24.800999999999995
Uruguay,02,24.141966666666672
Uruguay,03,22.07459999999999
Uruguay,04,18.200333333333333
Uruguay,05,14.969233333333333
Uruguay,06,12.021099999999999
Uruguay,07,12.046933333333335
Uruguay,08,13.067466666666666
Uruguay,09,14.808066666666665
Uruguay,10,17.5443
Uruguay,11,20.458099999999995
Uruguay,12,23.132566666666673

Uzbekistan,01,-2.9285000000000005
Uzbekistan,02,-1.0183666666666666
Uzbekistan,03,5.8690999999999995
Uzbekistan,04,14.619599999999998
Uzbekistan,05,21.438466666666667
Uzbekistan,06,26.91913333333334
Uzbekistan,07,29.1789
Uzbekistan,08,26.587300000000006
Uzbekistan,09,20.38323333333334
Uzbekistan,10,12.015500000000001
Uzbekistan,11,5.487200000000001
Uzbekistan,12,-0.13146666666666665

Venezuela,01,25.775999999999996
Venezuela,02,26.405399999999997
Venezuela,03,27.0139
Venezuela,04,26.877100000000002
Venezuela,05,26.541499999999992
Venezuela,06,25.7965
Venezuela,07,25.5709
Venezuela,08,25.939266666666665
Venezuela,09,26.275399999999998
Venezuela,10,26.23603333333333
Venezuela,11,26.300100000000004
Venezuela,12,25.75206666666667

Vietnam,01,19.881466666666665
Vietnam,02,21.03873333333333
Vietnam,03,23.49133333333333
Vietnam,04,25.9106
Vietnam,05,27.766166666666663
Vietnam,06,28.134666666666668
Vietnam,07,28.11393333333334
Vietnam,08,27.702933333333327
Vietnam,09,26.818333333333335
Vietnam,10,25.038666666666668
Vietnam,11,23.00803333333334
Vietnam,12,20.58556666666666

Virgin Islands,01,25.711199999999998
Virgin Islands,02,25.76923333333333
Virgin Islands,03,26.197899999999997
Virgin Islands,04,26.7195
Virgin Islands,05,27.759466666666675
Virgin Islands,06,28.679700000000004
Virgin Islands,07,28.978433333333342
Virgin Islands,08,29.0921
Virgin Islands,09,28.89833333333333
Virgin Islands,10,28.37863333333333
Virgin Islands,11,27.54216666666667
Virgin Islands,12,26.23069999999999
Western Sahara,01,17.357733333333336
Western Sahara,02,19.360166666666668
Western Sahara,03,21.397100000000002
Western Sahara,04,22.163666666666664
Western Sahara,05,24.0211
Western Sahara,06,26.29156666666666
Western Sahara,07,28.764800000000005
Western Sahara,08,29.319966666666673
Western Sahara,09,27.974999999999998
Western Sahara,10,24.888800000000003
Western Sahara,11,21.374833333333335
Western Sahara,12,17.6462
Yemen,01,21.289166666666674
Yemen,02,23.111333333333334
Yemen,03,25.864499999999996
Yemen,04,28.05963333333333
Yemen,05,30.465500000000006
Yemen,06,31.763566666666673
Yemen,07,31.717200000000005
Yemen,08,31.165299999999995
Yemen,09,29.944000000000003
Yemen,10,26.927066666666665
Yemen,11,24.232066666666665
Yemen,12,21.531600000000008
Zambia,01,23.215533333333322
Zambia,02,23.27563333333334
Zambia,03,23.21353333333333
Zambia,04,22.272033333333333
Zambia,05,20.285866666666667
Zambia,06,18.111733333333333
Zambia,07,17.948266666666665
Zambia,08,20.378899999999998
Zambia,09,23.740333333333332
Zambia,10,25.28796666666667
Zambia,11,24.677166666666672
Zambia,12,23.398666666666667
Zimbabwe,01,24.742933333333333
Zimbabwe,02,24.373233333333342
Zimbabwe,03,23.929733333333335
Zimbabwe,04,22.023533333333337
Zimbabwe,05,19.323300000000003
Zimbabwe,06,16.774033333333335
Zimbabwe,07,16.621133333333333
Zimbabwe,08,19.103599999999997
Zimbabwe,09,22.6914
Zimbabwe,10,24.761700000000005
Zimbabwe,11,25.232366666666664
Zimbabwe,12,24.66053333333333
